SystemTime_ISO,MsgType,FC_Time_us,chunk_seq,id,mavpackettype,severity,text
2025-12-15 00:39:17.172,STATUSTEXT,0,0,0,STATUSTEXT,6,No ap_message for mavlink id (4)
2025-12-15 00:39:17.173,STATUSTEXT,0,0,0,STATUSTEXT,6,No ap_message for mavlink id (5)
2025-12-15 00:39:17.173,STATUSTEXT,0,0,0,STATUSTEXT,6,No ap_message for mavlink id (6)
2025-12-15 00:39:17.173,STATUSTEXT,0,0,0,STATUSTEXT,6,No ap_message for mavlink id (7)
2025-12-15 00:39:17.175,STATUSTEXT,0,0,0,STATUSTEXT,6,No ap_message for mavlink id (11)
2025-12-15 00:39:17.175,STATUSTEXT,0,0,0,STATUSTEXT,6,No ap_message for mavlink id (20)
2025-12-15 00:39:17.175,STATUSTEXT,0,0,0,STATUSTEXT,6,No ap_message for mavlink id (21)
2025-12-15 00:39:17.175,STATUSTEXT,0,0,0,STATUSTEXT,6,No ap_message for mavlink id (23)
2025-12-15 00:39:17.175,STATUSTEXT,0,0,0,STATUSTEXT,6,No ap_message for mavlink id (25)
2025-12-15 00:39:17.177,STATUSTEXT,0,0,0,STATUSTEXT,6,No ap_message for mavlink id (28)
2025-12-15 00:39:17.177,STATUSTEXT,0,0,0,STATUSTEXT,6,No ap_message for mavlink id (37)
2025-12-15 00:39:17.177,STATUSTEXT,0,0,0,STATUSTEXT,6,No ap_message for mavlink id (38)
2025-12-15 00:39:17.179,STATUSTEXT,0,0,0,STATUSTEXT,6,No ap_message for mavlink id (39)
2025-12-15 00:39:17.179,STATUSTEXT,0,0,0,STATUSTEXT,6,No ap_message for mavlink id (40)
2025-12-15 00:39:17.179,STATUSTEXT,0,0,0,STATUSTEXT,6,No ap_message for mavlink id (41)
2025-12-15 00:39:17.179,STATUSTEXT,0,0,0,STATUSTEXT,6,No ap_message for mavlink id (43)
2025-12-15 00:39:17.179,STATUSTEXT,0,0,0,STATUSTEXT,6,No ap_message for mavlink id (44)
2025-12-15 00:39:17.179,STATUSTEXT,0,0,0,STATUSTEXT,6,No ap_message for mavlink id (45)
2025-12-15 00:39:17.180,STATUSTEXT,0,0,0,STATUSTEXT,6,No ap_message for mavlink id (47)
2025-12-15 00:39:17.180,STATUSTEXT,0,0,0,STATUSTEXT,6,No ap_message for mavlink id (48)
2025-12-15 00:39:17.180,STATUSTEXT,0,0,0,STATUSTEXT,6,No ap_message for mavlink id (50)
2025-12-15 00:39:17.181,STATUSTEXT,0,0,0,STATUSTEXT,6,No ap_message for mavlink id (51)
2025-12-15 00:39:17.181,STATUSTEXT,0,0,0,STATUSTEXT,6,No ap_message for mavlink id (54)
2025-12-15 00:39:17.182,STATUSTEXT,0,0,0,STATUSTEXT,6,No ap_message for mavlink id (55)
2025-12-15 00:39:17.182,STATUSTEXT,0,0,0,STATUSTEXT,6,No ap_message for mavlink id (61)
2025-12-15 00:39:17.182,STATUSTEXT,0,0,0,STATUSTEXT,6,No ap_message for mavlink id (63)
2025-12-15 00:39:17.182,STATUSTEXT,0,0,0,STATUSTEXT,6,No ap_message for mavlink id (64)
2025-12-15 00:39:17.183,STATUSTEXT,0,0,0,STATUSTEXT,6,No ap_message for mavlink id (66)
2025-12-15 00:39:17.183,STATUSTEXT,0,0,0,STATUSTEXT,6,No ap_message for mavlink id (67)
2025-12-15 00:39:17.183,STATUSTEXT,0,0,0,STATUSTEXT,6,No ap_message for mavlink id (69)
2025-12-15 00:39:17.184,STATUSTEXT,0,0,0,STATUSTEXT,6,No ap_message for mavlink id (70)
2025-12-15 00:39:17.184,STATUSTEXT,0,0,0,STATUSTEXT,6,No ap_message for mavlink id (73)
2025-12-15 00:39:17.184,STATUSTEXT,0,0,0,STATUSTEXT,6,No ap_message for mavlink id (75)
2025-12-15 00:39:17.184,STATUSTEXT,0,0,0,STATUSTEXT,6,No ap_message for mavlink id (76)
2025-12-15 00:39:17.185,STATUSTEXT,0,0,0,STATUSTEXT,6,No ap_message for mavlink id (77)
2025-12-15 00:39:17.185,STATUSTEXT,0,0,0,STATUSTEXT,6,No ap_message for mavlink id (81)
2025-12-15 00:39:17.185,STATUSTEXT,0,0,0,STATUSTEXT,6,No ap_message for mavlink id (82)
2025-12-15 00:39:17.186,STATUSTEXT,0,0,0,STATUSTEXT,6,No ap_message for mavlink id (84)
2025-12-15 00:39:17.186,STATUSTEXT,0,0,0,STATUSTEXT,6,No ap_message for mavlink id (86)
2025-12-15 00:39:17.186,STATUSTEXT,0,0,0,STATUSTEXT,6,No ap_message for mavlink id (89)
2025-12-15 00:39:17.186,STATUSTEXT,0,0,0,STATUSTEXT,6,No ap_message for mavlink id (90)
2025-12-15 00:39:17.187,STATUSTEXT,0,0,0,STATUSTEXT,6,No ap_message for mavlink id (91)
2025-12-15 00:39:17.187,STATUSTEXT,0,0,0,STATUSTEXT,6,No ap_message for mavlink id (92)
2025-12-15 00:39:17.188,STATUSTEXT,0,0,0,STATUSTEXT,6,No ap_message for mavlink id (93)
2025-12-15 00:39:17.188,STATUSTEXT,0,0,0,STATUSTEXT,6,No ap_message for mavlink id (101)
2025-12-15 00:39:17.188,STATUSTEXT,0,0,0,STATUSTEXT,6,No ap_message for mavlink id (102)
2025-12-15 00:39:17.188,STATUSTEXT,0,0,0,STATUSTEXT,6,No ap_message for mavlink id (103)
2025-12-15 00:39:17.188,STATUSTEXT,0,0,0,STATUSTEXT,6,No ap_message for mavlink id (104)
2025-12-15 00:39:17.189,STATUSTEXT,0,0,0,STATUSTEXT,6,No ap_message for mavlink id (105)
2025-12-15 00:39:17.189,STATUSTEXT,0,0,0,STATUSTEXT,6,No ap_message for mavlink id (106)
2025-12-15 00:39:17.190,STATUSTEXT,0,0,0,STATUSTEXT,6,No ap_message for mavlink id (107)
2025-12-15 00:39:17.190,STATUSTEXT,0,0,0,STATUSTEXT,6,No ap_message for mavlink id (108)
2025-12-15 00:39:17.190,STATUSTEXT,0,0,0,STATUSTEXT,6,No ap_message for mavlink id (109)
2025-12-15 00:39:17.190,STATUSTEXT,0,0,0,STATUSTEXT,6,No ap_message for mavlink id (110)
2025-12-15 00:39:17.190,STATUSTEXT,0,0,0,STATUSTEXT,6,No ap_message for mavlink id (111)
2025-12-15 00:39:17.191,STATUSTEXT,0,0,0,STATUSTEXT,6,No ap_message for mavlink id (112)
2025-12-15 00:39:17.191,STATUSTEXT,0,0,0,STATUSTEXT,6,No ap_message for mavlink id (113)
2025-12-15 00:39:17.191,STATUSTEXT,0,0,0,STATUSTEXT,6,No ap_message for mavlink id (114)
2025-12-15 00:39:17.192,STATUSTEXT,0,0,0,STATUSTEXT,6,No ap_message for mavlink id (115)
2025-12-15 00:39:17.192,STATUSTEXT,0,0,0,STATUSTEXT,6,No ap_message for mavlink id (117)
2025-12-15 00:39:17.192,STATUSTEXT,0,0,0,STATUSTEXT,6,No ap_message for mavlink id (118)
2025-12-15 00:39:17.192,STATUSTEXT,0,0,0,STATUSTEXT,6,No ap_message for mavlink id (119)
2025-12-15 00:39:17.193,STATUSTEXT,0,0,0,STATUSTEXT,6,No ap_message for mavlink id (120)
2025-12-15 00:39:17.193,STATUSTEXT,0,0,0,STATUSTEXT,6,No ap_message for mavlink id (121)
2025-12-15 00:39:17.193,STATUSTEXT,0,0,0,STATUSTEXT,6,No ap_message for mavlink id (122)
2025-12-15 00:39:17.194,STATUSTEXT,0,0,0,STATUSTEXT,6,No ap_message for mavlink id (123)
2025-12-15 00:39:17.194,STATUSTEXT,0,0,0,STATUSTEXT,6,No ap_message for mavlink id (126)
2025-12-15 00:39:17.195,STATUSTEXT,0,0,0,STATUSTEXT,6,No ap_message for mavlink id (130)
2025-12-15 00:39:17.195,STATUSTEXT,0,0,0,STATUSTEXT,6,No ap_message for mavlink id (131)
2025-12-15 00:39:17.195,STATUSTEXT,0,0,0,STATUSTEXT,6,No ap_message for mavlink id (134)
2025-12-15 00:39:17.196,STATUSTEXT,0,0,0,STATUSTEXT,6,No ap_message for mavlink id (135)
2025-12-15 00:39:17.196,STATUSTEXT,0,0,0,STATUSTEXT,6,No ap_message for mavlink id (136)
2025-12-15 00:39:17.197,STATUSTEXT,0,0,0,STATUSTEXT,6,No ap_message for mavlink id (138)
2025-12-15 00:39:17.197,STATUSTEXT,0,0,0,STATUSTEXT,6,No ap_message for mavlink id (139)
2025-12-15 00:39:17.197,STATUSTEXT,0,0,0,STATUSTEXT,6,No ap_message for mavlink id (140)
2025-12-15 00:39:17.197,STATUSTEXT,0,0,0,STATUSTEXT,6,No ap_message for mavlink id (141)
2025-12-15 00:39:17.197,STATUSTEXT,0,0,0,STATUSTEXT,6,No ap_message for mavlink id (142)
2025-12-15 00:39:17.199,STATUSTEXT,0,0,0,STATUSTEXT,6,No ap_message for mavlink id (144)
2025-12-15 00:39:17.199,STATUSTEXT,0,0,0,STATUSTEXT,6,No ap_message for mavlink id (146)
2025-12-15 00:39:17.199,STATUSTEXT,0,0,0,STATUSTEXT,6,No ap_message for mavlink id (149)
2025-12-15 00:39:17.199,STATUSTEXT,0,0,0,STATUSTEXT,6,No ap_message for mavlink id (150)
2025-12-15 00:39:17.199,STATUSTEXT,0,0,0,STATUSTEXT,6,No ap_message for mavlink id (151)
2025-12-15 00:39:17.201,STATUSTEXT,0,0,0,STATUSTEXT,6,No ap_message for mavlink id (153)
2025-12-15 00:39:17.201,STATUSTEXT,0,0,0,STATUSTEXT,6,No ap_message for mavlink id (154)
2025-12-15 00:39:17.201,STATUSTEXT,0,0,0,STATUSTEXT,6,No ap_message for mavlink id (155)
2025-12-15 00:39:17.201,STATUSTEXT,0,0,0,STATUSTEXT,6,No ap_message for mavlink id (156)
2025-12-15 00:39:17.201,STATUSTEXT,0,0,0,STATUSTEXT,6,No ap_message for mavlink id (157)
2025-12-15 00:39:17.202,STATUSTEXT,0,0,0,STATUSTEXT,6,No ap_message for mavlink id (158)
2025-12-15 00:39:17.202,STATUSTEXT,0,0,0,STATUSTEXT,6,No ap_message for mavlink id (160)
2025-12-15 00:39:17.202,STATUSTEXT,0,0,0,STATUSTEXT,6,No ap_message for mavlink id (161)
2025-12-15 00:39:17.202,STATUSTEXT,0,0,0,STATUSTEXT,6,No ap_message for mavlink id (164)
2025-12-15 00:39:17.204,STATUSTEXT,0,0,0,STATUSTEXT,6,No ap_message for mavlink id (166)
2025-12-15 00:39:17.204,STATUSTEXT,0,0,0,STATUSTEXT,6,No ap_message for mavlink id (167)
2025-12-15 00:39:17.204,STATUSTEXT,0,0,0,STATUSTEXT,6,No ap_message for mavlink id (169)
2025-12-15 00:39:17.204,STATUSTEXT,0,0,0,STATUSTEXT,6,No ap_message for mavlink id (170)
2025-12-15 00:39:17.204,STATUSTEXT,0,0,0,STATUSTEXT,6,No ap_message for mavlink id (171)
2025-12-15 00:39:17.204,STATUSTEXT,0,0,0,STATUSTEXT,6,No ap_message for mavlink id (172)
2025-12-15 00:39:17.205,STATUSTEXT,0,0,0,STATUSTEXT,6,No ap_message for mavlink id (174)
2025-12-15 00:39:17.205,STATUSTEXT,0,0,0,STATUSTEXT,6,No ap_message for mavlink id (175)
2025-12-15 00:39:17.205,STATUSTEXT,0,0,0,STATUSTEXT,6,No ap_message for mavlink id (176)
2025-12-15 00:39:17.206,STATUSTEXT,0,0,0,STATUSTEXT,6,No ap_message for mavlink id (177)
2025-12-15 00:39:17.207,STATUSTEXT,0,0,0,STATUSTEXT,6,No ap_message for mavlink id (179)
2025-12-15 00:39:17.207,STATUSTEXT,0,0,0,STATUSTEXT,6,No ap_message for mavlink id (182)
2025-12-15 00:39:17.207,STATUSTEXT,0,0,0,STATUSTEXT,6,No ap_message for mavlink id (183)
2025-12-15 00:39:17.207,STATUSTEXT,0,0,0,STATUSTEXT,6,No ap_message for mavlink id (184)
2025-12-15 00:39:17.208,STATUSTEXT,0,0,0,STATUSTEXT,6,No ap_message for mavlink id (185)
2025-12-15 00:39:17.208,STATUSTEXT,0,0,0,STATUSTEXT,6,No ap_message for mavlink id (186)
2025-12-15 00:39:17.208,STATUSTEXT,0,0,0,STATUSTEXT,6,No ap_message for mavlink id (200)
2025-12-15 00:39:17.210,STATUSTEXT,0,0,0,STATUSTEXT,6,No ap_message for mavlink id (201)
2025-12-15 00:39:17.210,STATUSTEXT,0,0,0,STATUSTEXT,6,No ap_message for mavlink id (214)
2025-12-15 00:39:17.210,STATUSTEXT,0,0,0,STATUSTEXT,6,No ap_message for mavlink id (215)
2025-12-15 00:39:17.210,STATUSTEXT,0,0,0,STATUSTEXT,6,No ap_message for mavlink id (216)
2025-12-15 00:39:17.210,STATUSTEXT,0,0,0,STATUSTEXT,6,No ap_message for mavlink id (217)
2025-12-15 00:39:17.210,STATUSTEXT,0,0,0,STATUSTEXT,6,No ap_message for mavlink id (218)
2025-12-15 00:39:17.210,STATUSTEXT,0,0,0,STATUSTEXT,6,No ap_message for mavlink id (219)
2025-12-15 00:39:17.211,STATUSTEXT,0,0,0,STATUSTEXT,6,No ap_message for mavlink id (230)
2025-12-15 00:39:17.211,STATUSTEXT,0,0,0,STATUSTEXT,6,No ap_message for mavlink id (231)
2025-12-15 00:39:17.211,STATUSTEXT,0,0,0,STATUSTEXT,6,No ap_message for mavlink id (232)
2025-12-15 00:39:17.213,STATUSTEXT,0,0,0,STATUSTEXT,6,No ap_message for mavlink id (11034)
2025-12-15 00:39:17.213,STATUSTEXT,0,0,0,STATUSTEXT,6,No ap_message for mavlink id (11035)
2025-12-15 00:39:17.214,STATUSTEXT,0,0,0,STATUSTEXT,6,No ap_message for mavlink id (11036)
2025-12-15 00:39:17.214,STATUSTEXT,0,0,0,STATUSTEXT,6,No ap_message for mavlink id (11037)
2025-12-15 00:39:17.214,STATUSTEXT,0,0,0,STATUSTEXT,6,No ap_message for mavlink id (11038)
2025-12-15 00:39:17.214,STATUSTEXT,0,0,0,STATUSTEXT,6,No ap_message for mavlink id (11039)
2025-12-15 00:39:17.214,STATUSTEXT,0,0,0,STATUSTEXT,6,No ap_message for mavlink id (11040)
2025-12-15 00:39:17.214,STATUSTEXT,0,0,0,STATUSTEXT,6,No ap_message for mavlink id (11041)
2025-12-15 00:39:17.214,STATUSTEXT,0,0,0,STATUSTEXT,6,No ap_message for mavlink id (11042)
2025-12-15 00:39:17.214,STATUSTEXT,0,0,0,STATUSTEXT,6,No ap_message for mavlink id (11043)
2025-12-15 00:39:17.215,STATUSTEXT,0,0,0,STATUSTEXT,6,No ap_message for mavlink id (11044)
2025-12-15 00:39:17.215,STATUSTEXT,0,0,0,STATUSTEXT,6,No ap_message for mavlink id (12900)
2025-12-15 00:39:17.215,STATUSTEXT,0,0,0,STATUSTEXT,6,No ap_message for mavlink id (12901)
2025-12-15 00:39:17.215,STATUSTEXT,0,0,0,STATUSTEXT,6,No ap_message for mavlink id (12902)
2025-12-15 00:39:17.215,STATUSTEXT,0,0,0,STATUSTEXT,6,No ap_message for mavlink id (12903)
2025-12-15 00:39:17.215,STATUSTEXT,0,0,0,STATUSTEXT,6,No ap_message for mavlink id (12904)
2025-12-15 00:39:17.215,STATUSTEXT,0,0,0,STATUSTEXT,6,No ap_message for mavlink id (12905)
2025-12-15 00:39:17.216,STATUSTEXT,0,0,0,STATUSTEXT,6,No ap_message for mavlink id (12915)
2025-12-15 00:39:17.216,STATUSTEXT,0,0,0,STATUSTEXT,6,No ap_message for mavlink id (12918)
2025-12-15 00:39:17.216,STATUSTEXT,0,0,0,STATUSTEXT,6,No ap_message for mavlink id (12919)
2025-12-15 00:39:17.216,STATUSTEXT,0,0,0,STATUSTEXT,6,No ap_message for mavlink id (12920)
2025-12-15 00:39:17.216,STATUSTEXT,0,0,0,STATUSTEXT,6,No ap_message for mavlink id (42000)
2025-12-15 00:39:17.216,STATUSTEXT,0,0,0,STATUSTEXT,6,No ap_message for mavlink id (42001)
2025-12-15 00:39:17.216,STATUSTEXT,0,0,0,STATUSTEXT,6,No ap_message for mavlink id (50001)
2025-12-15 00:39:17.217,STATUSTEXT,0,0,0,STATUSTEXT,6,No ap_message for mavlink id (50002)
2025-12-15 00:39:17.217,STATUSTEXT,0,0,0,STATUSTEXT,6,No ap_message for mavlink id (50003)
2025-12-15 00:39:17.217,STATUSTEXT,0,0,0,STATUSTEXT,6,No ap_message for mavlink id (50004)
2025-12-15 00:39:17.217,STATUSTEXT,0,0,0,STATUSTEXT,6,No ap_message for mavlink id (50005)
2025-12-15 00:39:17.217,STATUSTEXT,0,0,0,STATUSTEXT,6,No ap_message for mavlink id (52000)
2025-12-15 00:39:17.217,STATUSTEXT,0,0,0,STATUSTEXT,6,No ap_message for mavlink id (52001)
2025-12-15 00:39:45.727,STATUSTEXT,0,0,0,STATUSTEXT,2,PreArm: Throttle below failsafe
2025-12-15 00:39:45.728,STATUSTEXT,0,0,0,STATUSTEXT,2,PreArm: Hardware safety switch
2025-12-15 00:40:16.728,STATUSTEXT,0,0,0,STATUSTEXT,2,PreArm: Throttle below failsafe
2025-12-15 00:40:16.729,STATUSTEXT,0,0,0,STATUSTEXT,2,PreArm: Hardware safety switch
2025-12-15 00:40:47.728,STATUSTEXT,0,0,0,STATUSTEXT,2,PreArm: Throttle below failsafe
2025-12-15 00:40:47.729,STATUSTEXT,0,0,0,STATUSTEXT,2,PreArm: Hardware safety switch
2025-12-15 00:41:18.730,STATUSTEXT,0,0,0,STATUSTEXT,2,PreArm: Throttle below failsafe
2025-12-15 00:41:18.730,STATUSTEXT,0,0,0,STATUSTEXT,2,PreArm: Hardware safety switch
2025-12-15 00:41:49.731,STATUSTEXT,0,0,0,STATUSTEXT,2,PreArm: Throttle below failsafe
2025-12-15 00:41:49.731,STATUSTEXT,0,0,0,STATUSTEXT,2,PreArm: Hardware safety switch
2025-12-15 00:42:20.732,STATUSTEXT,0,0,0,STATUSTEXT,2,PreArm: Throttle below failsafe
2025-12-15 00:42:20.732,STATUSTEXT,0,0,0,STATUSTEXT,2,PreArm: Hardware safety switch
2025-12-15 00:42:51.733,STATUSTEXT,0,0,0,STATUSTEXT,2,PreArm: Throttle below failsafe
2025-12-15 00:42:51.733,STATUSTEXT,0,0,0,STATUSTEXT,2,PreArm: Hardware safety switch
2025-12-15 00:43:22.733,STATUSTEXT,0,0,0,STATUSTEXT,2,PreArm: Throttle below failsafe
2025-12-15 00:43:22.733,STATUSTEXT,0,0,0,STATUSTEXT,2,PreArm: Hardware safety switch
2025-12-15 00:43:53.734,STATUSTEXT,0,0,0,STATUSTEXT,2,PreArm: Throttle below failsafe
2025-12-15 00:43:53.735,STATUSTEXT,0,0,0,STATUSTEXT,2,PreArm: Hardware safety switch
2025-12-15 00:44:24.735,STATUSTEXT,0,0,0,STATUSTEXT,2,PreArm: Throttle below failsafe
2025-12-15 00:44:24.736,STATUSTEXT,0,0,0,STATUSTEXT,2,PreArm: Hardware safety switch
2025-12-15 00:44:55.737,STATUSTEXT,0,0,0,STATUSTEXT,2,PreArm: Throttle below failsafe
2025-12-15 00:44:55.737,STATUSTEXT,0,0,0,STATUSTEXT,2,PreArm: Hardware safety switch
2025-12-15 00:45:26.738,STATUSTEXT,0,0,0,STATUSTEXT,2,PreArm: Throttle below failsafe
2025-12-15 00:45:26.738,STATUSTEXT,0,0,0,STATUSTEXT,2,PreArm: Hardware safety switch
2025-12-15 00:45:57.738,STATUSTEXT,0,0,0,STATUSTEXT,2,PreArm: Throttle below failsafe
2025-12-15 00:45:57.738,STATUSTEXT,0,0,0,STATUSTEXT,2,PreArm: Hardware safety switch
2025-12-15 00:46:28.739,STATUSTEXT,0,0,0,STATUSTEXT,2,PreArm: Throttle below failsafe
2025-12-15 00:46:28.739,STATUSTEXT,0,0,0,STATUSTEXT,2,PreArm: Hardware safety switch
2025-12-15 00:46:59.740,STATUSTEXT,0,0,0,STATUSTEXT,2,PreArm: Throttle below failsafe
2025-12-15 00:46:59.740,STATUSTEXT,0,0,0,STATUSTEXT,2,PreArm: Hardware safety switch
2025-12-15 00:47:30.741,STATUSTEXT,0,0,0,STATUSTEXT,2,PreArm: Throttle below failsafe
2025-12-15 00:47:30.742,STATUSTEXT,0,0,0,STATUSTEXT,2,PreArm: Hardware safety switch
2025-12-15 00:48:01.742,STATUSTEXT,0,0,0,STATUSTEXT,2,PreArm: Throttle below failsafe
2025-12-15 00:48:01.742,STATUSTEXT,0,0,0,STATUSTEXT,2,PreArm: Hardware safety switch
2025-12-15 00:48:32.743,STATUSTEXT,0,0,0,STATUSTEXT,2,PreArm: Throttle below failsafe
2025-12-15 00:48:32.743,STATUSTEXT,0,0,0,STATUSTEXT,2,PreArm: Hardware safety switch
2025-12-15 00:49:03.744,STATUSTEXT,0,0,0,STATUSTEXT,2,PreArm: Throttle below failsafe
2025-12-15 00:49:03.744,STATUSTEXT,0,0,0,STATUSTEXT,2,PreArm: Hardware safety switch
2025-12-15 00:49:34.745,STATUSTEXT,0,0,0,STATUSTEXT,2,PreArm: Throttle below failsafe
2025-12-15 00:49:34.745,STATUSTEXT,0,0,0,STATUSTEXT,2,PreArm: Hardware safety switch
2025-12-15 00:50:05.746,STATUSTEXT,0,0,0,STATUSTEXT,2,PreArm: Throttle below failsafe
2025-12-15 00:50:05.746,STATUSTEXT,0,0,0,STATUSTEXT,2,PreArm: Hardware safety switch
2025-12-15 00:50:36.747,STATUSTEXT,0,0,0,STATUSTEXT,2,PreArm: Throttle below failsafe
2025-12-15 00:50:36.747,STATUSTEXT,0,0,0,STATUSTEXT,2,PreArm: Hardware safety switch
2025-12-15 00:51:07.748,STATUSTEXT,0,0,0,STATUSTEXT,2,PreArm: Throttle below failsafe
2025-12-15 00:51:07.749,STATUSTEXT,0,0,0,STATUSTEXT,2,PreArm: Hardware safety switch
2025-12-15 00:51:38.748,STATUSTEXT,0,0,0,STATUSTEXT,2,PreArm: Throttle below failsafe
2025-12-15 00:51:38.749,STATUSTEXT,0,0,0,STATUSTEXT,2,PreArm: Hardware safety switch
2025-12-15 00:52:09.750,STATUSTEXT,0,0,0,STATUSTEXT,2,PreArm: Throttle below failsafe
2025-12-15 00:52:09.750,STATUSTEXT,0,0,0,STATUSTEXT,2,PreArm: Hardware safety switch
2025-12-15 00:52:40.751,STATUSTEXT,0,0,0,STATUSTEXT,2,PreArm: Throttle below failsafe
2025-12-15 00:52:40.751,STATUSTEXT,0,0,0,STATUSTEXT,2,PreArm: Hardware safety switch
2025-12-15 00:53:11.752,STATUSTEXT,0,0,0,STATUSTEXT,2,PreArm: Throttle below failsafe
2025-12-15 00:53:11.752,STATUSTEXT,0,0,0,STATUSTEXT,2,PreArm: Hardware safety switch
2025-12-15 00:53:42.753,STATUSTEXT,0,0,0,STATUSTEXT,2,PreArm: Throttle below failsafe
2025-12-15 00:53:42.753,STATUSTEXT,0,0,0,STATUSTEXT,2,PreArm: Hardware safety switch
2025-12-15 00:54:13.754,STATUSTEXT,0,0,0,STATUSTEXT,2,PreArm: Throttle below failsafe
2025-12-15 00:54:13.754,STATUSTEXT,0,0,0,STATUSTEXT,2,PreArm: Hardware safety switch
2025-12-15 00:54:44.754,STATUSTEXT,0,0,0,STATUSTEXT,2,PreArm: Throttle below failsafe
2025-12-15 00:54:44.755,STATUSTEXT,0,0,0,STATUSTEXT,2,PreArm: Hardware safety switch
2025-12-15 00:55:15.755,STATUSTEXT,0,0,0,STATUSTEXT,2,PreArm: Throttle below failsafe
2025-12-15 00:55:15.755,STATUSTEXT,0,0,0,STATUSTEXT,2,PreArm: Hardware safety switch
2025-12-15 00:55:46.757,STATUSTEXT,0,0,0,STATUSTEXT,2,PreArm: Throttle below failsafe
2025-12-15 00:55:46.757,STATUSTEXT,0,0,0,STATUSTEXT,2,PreArm: Hardware safety switch
2025-12-15 00:56:17.758,STATUSTEXT,0,0,0,STATUSTEXT,2,PreArm: Throttle below failsafe
2025-12-15 00:56:17.758,STATUSTEXT,0,0,0,STATUSTEXT,2,PreArm: Hardware safety switch
2025-12-15 00:56:48.759,STATUSTEXT,0,0,0,STATUSTEXT,2,PreArm: Throttle below failsafe
2025-12-15 00:56:48.759,STATUSTEXT,0,0,0,STATUSTEXT,2,PreArm: Hardware safety switch
2025-12-15 00:57:19.759,STATUSTEXT,0,0,0,STATUSTEXT,2,PreArm: Throttle below failsafe
2025-12-15 00:57:19.759,STATUSTEXT,0,0,0,STATUSTEXT,2,PreArm: Hardware safety switch
2025-12-15 00:57:50.760,STATUSTEXT,0,0,0,STATUSTEXT,2,PreArm: Throttle below failsafe
2025-12-15 00:57:50.760,STATUSTEXT,0,0,0,STATUSTEXT,2,PreArm: Hardware safety switch
2025-12-15 00:58:21.761,STATUSTEXT,0,0,0,STATUSTEXT,2,PreArm: Throttle below failsafe
2025-12-15 00:58:21.762,STATUSTEXT,0,0,0,STATUSTEXT,2,PreArm: Hardware safety switch
2025-12-15 00:58:52.762,STATUSTEXT,0,0,0,STATUSTEXT,2,PreArm: Throttle below failsafe
2025-12-15 00:58:52.763,STATUSTEXT,0,0,0,STATUSTEXT,2,PreArm: Hardware safety switch
2025-12-15 00:59:23.764,STATUSTEXT,0,0,0,STATUSTEXT,2,PreArm: Throttle below failsafe
2025-12-15 00:59:23.764,STATUSTEXT,0,0,0,STATUSTEXT,2,PreArm: Hardware safety switch
2025-12-15 00:59:54.764,STATUSTEXT,0,0,0,STATUSTEXT,2,PreArm: Throttle below failsafe
2025-12-15 00:59:54.764,STATUSTEXT,0,0,0,STATUSTEXT,2,PreArm: Hardware safety switch
2025-12-15 01:00:25.765,STATUSTEXT,0,0,0,STATUSTEXT,2,PreArm: Throttle below failsafe
2025-12-15 01:00:25.765,STATUSTEXT,0,0,0,STATUSTEXT,2,PreArm: Hardware safety switch
2025-12-15 01:00:56.766,STATUSTEXT,0,0,0,STATUSTEXT,2,PreArm: Throttle below failsafe
2025-12-15 01:00:56.766,STATUSTEXT,0,0,0,STATUSTEXT,2,PreArm: Hardware safety switch
2025-12-15 01:01:27.767,STATUSTEXT,0,0,0,STATUSTEXT,2,PreArm: Throttle below failsafe
2025-12-15 01:01:27.768,STATUSTEXT,0,0,0,STATUSTEXT,2,PreArm: Hardware safety switch
2025-12-15 01:01:58.768,STATUSTEXT,0,0,0,STATUSTEXT,2,PreArm: Throttle below failsafe
2025-12-15 01:01:58.769,STATUSTEXT,0,0,0,STATUSTEXT,2,PreArm: Hardware safety switch
2025-12-15 01:02:29.769,STATUSTEXT,0,0,0,STATUSTEXT,2,PreArm: Throttle below failsafe
2025-12-15 01:02:29.770,STATUSTEXT,0,0,0,STATUSTEXT,2,PreArm: Hardware safety switch
2025-12-15 01:03:00.770,STATUSTEXT,0,0,0,STATUSTEXT,2,PreArm: Throttle below failsafe
2025-12-15 01:03:00.770,STATUSTEXT,0,0,0,STATUSTEXT,2,PreArm: Hardware safety switch
2025-12-15 01:03:31.771,STATUSTEXT,0,0,0,STATUSTEXT,2,PreArm: Throttle below failsafe
2025-12-15 01:03:31.771,STATUSTEXT,0,0,0,STATUSTEXT,2,PreArm: Hardware safety switch
2025-12-15 01:04:02.772,STATUSTEXT,0,0,0,STATUSTEXT,2,PreArm: Throttle below failsafe
2025-12-15 01:04:02.772,STATUSTEXT,0,0,0,STATUSTEXT,2,PreArm: Hardware safety switch
2025-12-15 01:04:33.773,STATUSTEXT,0,0,0,STATUSTEXT,2,PreArm: Throttle below failsafe
2025-12-15 01:04:33.773,STATUSTEXT,0,0,0,STATUSTEXT,2,PreArm: Hardware safety switch
2025-12-15 01:05:04.774,STATUSTEXT,0,0,0,STATUSTEXT,2,PreArm: Throttle below failsafe
2025-12-15 01:05:04.774,STATUSTEXT,0,0,0,STATUSTEXT,2,PreArm: Hardware safety switch
2025-12-15 01:05:35.775,STATUSTEXT,0,0,0,STATUSTEXT,2,PreArm: Throttle below failsafe
2025-12-15 01:05:35.776,STATUSTEXT,0,0,0,STATUSTEXT,2,PreArm: Hardware safety switch
2025-12-15 01:06:06.775,STATUSTEXT,0,0,0,STATUSTEXT,2,PreArm: Throttle below failsafe
2025-12-15 01:06:06.776,STATUSTEXT,0,0,0,STATUSTEXT,2,PreArm: Hardware safety switch
2025-12-15 01:06:37.777,STATUSTEXT,0,0,0,STATUSTEXT,2,PreArm: Throttle below failsafe
2025-12-15 01:06:37.777,STATUSTEXT,0,0,0,STATUSTEXT,2,PreArm: Hardware safety switch
2025-12-15 01:07:08.778,STATUSTEXT,0,0,0,STATUSTEXT,2,PreArm: Throttle below failsafe
2025-12-15 01:07:08.778,STATUSTEXT,0,0,0,STATUSTEXT,2,PreArm: Hardware safety switch
2025-12-15 01:07:39.779,STATUSTEXT,0,0,0,STATUSTEXT,2,PreArm: Throttle below failsafe
2025-12-15 01:07:39.779,STATUSTEXT,0,0,0,STATUSTEXT,2,PreArm: Hardware safety switch
2025-12-15 01:08:10.780,STATUSTEXT,0,0,0,STATUSTEXT,2,PreArm: Throttle below failsafe
2025-12-15 01:08:10.780,STATUSTEXT,0,0,0,STATUSTEXT,2,PreArm: Hardware safety switch
2025-12-15 01:08:41.781,STATUSTEXT,0,0,0,STATUSTEXT,2,PreArm: Throttle below failsafe
2025-12-15 01:08:41.781,STATUSTEXT,0,0,0,STATUSTEXT,2,PreArm: Hardware safety switch
2025-12-15 01:09:12.781,STATUSTEXT,0,0,0,STATUSTEXT,2,PreArm: Throttle below failsafe
2025-12-15 01:09:12.782,STATUSTEXT,0,0,0,STATUSTEXT,2,PreArm: Hardware safety switch
2025-12-15 01:09:43.782,STATUSTEXT,0,0,0,STATUSTEXT,2,PreArm: Throttle below failsafe
2025-12-15 01:09:43.783,STATUSTEXT,0,0,0,STATUSTEXT,2,PreArm: Hardware safety switch
2025-12-15 01:10:14.784,STATUSTEXT,0,0,0,STATUSTEXT,2,PreArm: Throttle below failsafe
2025-12-15 01:10:14.784,STATUSTEXT,0,0,0,STATUSTEXT,2,PreArm: Hardware safety switch
2025-12-15 01:10:45.785,STATUSTEXT,0,0,0,STATUSTEXT,2,PreArm: Throttle below failsafe
2025-12-15 01:10:45.785,STATUSTEXT,0,0,0,STATUSTEXT,2,PreArm: Hardware safety switch
2025-12-15 01:11:16.786,STATUSTEXT,0,0,0,STATUSTEXT,2,PreArm: Throttle below failsafe
2025-12-15 01:11:16.786,STATUSTEXT,0,0,0,STATUSTEXT,2,PreArm: Hardware safety switch
2025-12-15 01:11:47.786,STATUSTEXT,0,0,0,STATUSTEXT,2,PreArm: Throttle below failsafe
2025-12-15 01:11:47.786,STATUSTEXT,0,0,0,STATUSTEXT,2,PreArm: Hardware safety switch
2025-12-15 01:12:18.787,STATUSTEXT,0,0,0,STATUSTEXT,2,PreArm: Throttle below failsafe
2025-12-15 01:12:18.787,STATUSTEXT,0,0,0,STATUSTEXT,2,PreArm: Hardware safety switch
2025-12-15 01:12:49.788,STATUSTEXT,0,0,0,STATUSTEXT,2,PreArm: Throttle below failsafe
2025-12-15 01:12:49.789,STATUSTEXT,0,0,0,STATUSTEXT,2,PreArm: Hardware safety switch
2025-12-15 01:13:20.789,STATUSTEXT,0,0,0,STATUSTEXT,2,PreArm: Throttle below failsafe
2025-12-15 01:13:20.790,STATUSTEXT,0,0,0,STATUSTEXT,2,PreArm: Hardware safety switch
2025-12-15 01:13:51.791,STATUSTEXT,0,0,0,STATUSTEXT,2,PreArm: Throttle below failsafe
2025-12-15 01:13:51.791,STATUSTEXT,0,0,0,STATUSTEXT,2,PreArm: Hardware safety switch
2025-12-15 01:14:22.791,STATUSTEXT,0,0,0,STATUSTEXT,2,PreArm: Throttle below failsafe
2025-12-15 01:14:22.791,STATUSTEXT,0,0,0,STATUSTEXT,2,PreArm: Hardware safety switch
2025-12-15 01:14:53.792,STATUSTEXT,0,0,0,STATUSTEXT,2,PreArm: Throttle below failsafe
2025-12-15 01:14:53.792,STATUSTEXT,0,0,0,STATUSTEXT,2,PreArm: Hardware safety switch
2025-12-15 01:15:24.793,STATUSTEXT,0,0,0,STATUSTEXT,2,PreArm: Throttle below failsafe
2025-12-15 01:15:24.793,STATUSTEXT,0,0,0,STATUSTEXT,2,PreArm: Hardware safety switch
2025-12-15 01:15:55.794,STATUSTEXT,0,0,0,STATUSTEXT,2,PreArm: Throttle below failsafe
2025-12-15 01:15:55.794,STATUSTEXT,0,0,0,STATUSTEXT,2,PreArm: Hardware safety switch
2025-12-15 01:16:26.795,STATUSTEXT,0,0,0,STATUSTEXT,2,PreArm: Throttle below failsafe
2025-12-15 01:16:26.796,STATUSTEXT,0,0,0,STATUSTEXT,2,PreArm: Hardware safety switch
2025-12-15 01:16:57.796,STATUSTEXT,0,0,0,STATUSTEXT,2,PreArm: Throttle below failsafe
2025-12-15 01:16:57.797,STATUSTEXT,0,0,0,STATUSTEXT,2,PreArm: Hardware safety switch
2025-12-15 01:17:28.797,STATUSTEXT,0,0,0,STATUSTEXT,2,PreArm: Throttle below failsafe
2025-12-15 01:17:28.797,STATUSTEXT,0,0,0,STATUSTEXT,2,PreArm: Hardware safety switch
2025-12-15 01:17:59.798,STATUSTEXT,0,0,0,STATUSTEXT,2,PreArm: Throttle below failsafe
2025-12-15 01:17:59.798,STATUSTEXT,0,0,0,STATUSTEXT,2,PreArm: Hardware safety switch
2025-12-15 01:18:30.799,STATUSTEXT,0,0,0,STATUSTEXT,2,PreArm: Throttle below failsafe
2025-12-15 01:18:30.799,STATUSTEXT,0,0,0,STATUSTEXT,2,PreArm: Hardware safety switch
2025-12-15 01:19:01.800,STATUSTEXT,0,0,0,STATUSTEXT,2,PreArm: Throttle below failsafe
2025-12-15 01:19:01.800,STATUSTEXT,0,0,0,STATUSTEXT,2,PreArm: Hardware safety switch
2025-12-15 01:19:32.801,STATUSTEXT,0,0,0,STATUSTEXT,2,PreArm: Throttle below failsafe
2025-12-15 01:19:32.801,STATUSTEXT,0,0,0,STATUSTEXT,2,PreArm: Hardware safety switch
2025-12-15 01:20:03.802,STATUSTEXT,0,0,0,STATUSTEXT,2,PreArm: Throttle below failsafe
2025-12-15 01:20:03.803,STATUSTEXT,0,0,0,STATUSTEXT,2,PreArm: Hardware safety switch
2025-12-15 01:20:34.802,STATUSTEXT,0,0,0,STATUSTEXT,2,PreArm: Throttle below failsafe
2025-12-15 01:20:34.803,STATUSTEXT,0,0,0,STATUSTEXT,2,PreArm: Hardware safety switch
2025-12-15 01:21:05.804,STATUSTEXT,0,0,0,STATUSTEXT,2,PreArm: Throttle below failsafe
2025-12-15 01:21:05.804,STATUSTEXT,0,0,0,STATUSTEXT,2,PreArm: Hardware safety switch
2025-12-15 01:21:36.805,STATUSTEXT,0,0,0,STATUSTEXT,2,PreArm: Throttle below failsafe
2025-12-15 01:21:36.805,STATUSTEXT,0,0,0,STATUSTEXT,2,PreArm: Hardware safety switch
2025-12-15 01:22:07.806,STATUSTEXT,0,0,0,STATUSTEXT,2,PreArm: Throttle below failsafe
2025-12-15 01:22:07.806,STATUSTEXT,0,0,0,STATUSTEXT,2,PreArm: Hardware safety switch
2025-12-15 01:22:38.807,STATUSTEXT,0,0,0,STATUSTEXT,2,PreArm: Throttle below failsafe
2025-12-15 01:22:38.807,STATUSTEXT,0,0,0,STATUSTEXT,2,PreArm: Hardware safety switch
2025-12-15 01:23:09.807,STATUSTEXT,0,0,0,STATUSTEXT,2,PreArm: Throttle below failsafe
2025-12-15 01:23:09.807,STATUSTEXT,0,0,0,STATUSTEXT,2,PreArm: Hardware safety switch
2025-12-15 01:23:40.808,STATUSTEXT,0,0,0,STATUSTEXT,2,PreArm: Throttle below failsafe
2025-12-15 01:23:40.809,STATUSTEXT,0,0,0,STATUSTEXT,2,PreArm: Hardware safety switch
2025-12-15 01:24:11.809,STATUSTEXT,0,0,0,STATUSTEXT,2,PreArm: Throttle below failsafe
2025-12-15 01:24:11.810,STATUSTEXT,0,0,0,STATUSTEXT,2,PreArm: Hardware safety switch
2025-12-15 01:24:42.811,STATUSTEXT,0,0,0,STATUSTEXT,2,PreArm: Throttle below failsafe
2025-12-15 01:24:42.811,STATUSTEXT,0,0,0,STATUSTEXT,2,PreArm: Hardware safety switch
2025-12-15 01:25:13.812,STATUSTEXT,0,0,0,STATUSTEXT,2,PreArm: Throttle below failsafe
2025-12-15 01:25:13.812,STATUSTEXT,0,0,0,STATUSTEXT,2,PreArm: Hardware safety switch
2025-12-15 01:25:44.812,STATUSTEXT,0,0,0,STATUSTEXT,2,PreArm: Throttle below failsafe
2025-12-15 01:25:44.812,STATUSTEXT,0,0,0,STATUSTEXT,2,PreArm: Hardware safety switch
2025-12-15 01:26:15.813,STATUSTEXT,0,0,0,STATUSTEXT,2,PreArm: Throttle below failsafe
2025-12-15 01:26:15.813,STATUSTEXT,0,0,0,STATUSTEXT,2,PreArm: Hardware safety switch
2025-12-15 01:26:46.814,STATUSTEXT,0,0,0,STATUSTEXT,2,PreArm: Throttle below failsafe
2025-12-15 01:26:46.814,STATUSTEXT,0,0,0,STATUSTEXT,2,PreArm: Hardware safety switch
2025-12-15 01:27:17.815,STATUSTEXT,0,0,0,STATUSTEXT,2,PreArm: Throttle below failsafe
2025-12-15 01:27:17.816,STATUSTEXT,0,0,0,STATUSTEXT,2,PreArm: Hardware safety switch
2025-12-15 01:27:48.816,STATUSTEXT,0,0,0,STATUSTEXT,2,PreArm: Throttle below failsafe
2025-12-15 01:27:48.817,STATUSTEXT,0,0,0,STATUSTEXT,2,PreArm: Hardware safety switch
2025-12-15 01:28:19.818,STATUSTEXT,0,0,0,STATUSTEXT,2,PreArm: Throttle below failsafe
2025-12-15 01:28:19.818,STATUSTEXT,0,0,0,STATUSTEXT,2,PreArm: Hardware safety switch
2025-12-15 01:28:50.818,STATUSTEXT,0,0,0,STATUSTEXT,2,PreArm: Throttle below failsafe
2025-12-15 01:28:50.818,STATUSTEXT,0,0,0,STATUSTEXT,2,PreArm: Hardware safety switch
2025-12-15 01:29:21.819,STATUSTEXT,0,0,0,STATUSTEXT,2,PreArm: Throttle below failsafe
2025-12-15 01:29:21.819,STATUSTEXT,0,0,0,STATUSTEXT,2,PreArm: Hardware safety switch
