SystemTime_ISO,MsgType,FC_Time_us,command,mavpackettype,progress,result,result_param2,target_component,target_system
2025-12-14 21:36:47.520,COMMAND_ACK,0,410,COMMAND_ACK,0,4,0,230,255
2025-12-14 21:36:49.536,COMMAND_ACK,0,410,COMMAND_ACK,0,4,0,230,255
2025-12-14 21:36:51.537,COMMAND_ACK,0,410,COMMAND_ACK,0,4,0,230,255
2025-12-14 21:36:53.538,COMMAND_ACK,0,410,COMMAND_ACK,0,4,0,230,255
2025-12-14 21:36:55.540,COMMAND_ACK,0,410,COMMAND_ACK,0,4,0,230,255
2025-12-14 21:36:57.543,COMMAND_ACK,0,410,COMMAND_ACK,0,4,0,230,255
2025-12-14 21:36:59.544,COMMAND_ACK,0,410,COMMAND_ACK,0,4,0,230,255
2025-12-14 21:37:01.551,COMMAND_ACK,0,410,COMMAND_ACK,0,4,0,230,255
2025-12-14 21:37:03.561,COMMAND_ACK,0,410,COMMAND_ACK,0,4,0,230,255
2025-12-14 21:37:05.578,COMMAND_ACK,0,410,COMMAND_ACK,0,4,0,230,255
2025-12-14 21:37:07.579,COMMAND_ACK,0,410,COMMAND_ACK,0,4,0,230,255
2025-12-14 21:37:09.581,COMMAND_ACK,0,410,COMMAND_ACK,0,4,0,230,255
2025-12-14 21:37:11.586,COMMAND_ACK,0,410,COMMAND_ACK,0,4,0,230,255
2025-12-14 21:37:13.587,COMMAND_ACK,0,410,COMMAND_ACK,0,4,0,230,255
2025-12-14 21:37:15.591,COMMAND_ACK,0,410,COMMAND_ACK,0,4,0,230,255
2025-12-14 21:37:17.601,COMMAND_ACK,0,410,COMMAND_ACK,0,4,0,230,255
2025-12-14 21:37:19.612,COMMAND_ACK,0,410,COMMAND_ACK,0,4,0,230,255
2025-12-14 21:37:21.628,COMMAND_ACK,0,410,COMMAND_ACK,0,4,0,230,255
2025-12-14 21:37:23.631,COMMAND_ACK,0,410,COMMAND_ACK,0,4,0,230,255
2025-12-14 21:37:25.634,COMMAND_ACK,0,410,COMMAND_ACK,0,4,0,230,255
2025-12-14 21:37:27.642,COMMAND_ACK,0,410,COMMAND_ACK,0,4,0,230,255
2025-12-14 21:37:29.645,COMMAND_ACK,0,410,COMMAND_ACK,0,4,0,230,255
2025-12-14 21:37:31.652,COMMAND_ACK,0,410,COMMAND_ACK,0,4,0,230,255
2025-12-14 21:37:33.663,COMMAND_ACK,0,410,COMMAND_ACK,0,4,0,230,255
2025-12-14 21:37:35.663,COMMAND_ACK,0,410,COMMAND_ACK,0,4,0,230,255
2025-12-14 21:37:37.677,COMMAND_ACK,0,410,COMMAND_ACK,0,4,0,230,255
2025-12-14 21:37:39.677,COMMAND_ACK,0,410,COMMAND_ACK,0,4,0,230,255
2025-12-14 21:37:41.681,COMMAND_ACK,0,410,COMMAND_ACK,0,4,0,230,255
2025-12-14 21:37:43.680,COMMAND_ACK,0,410,COMMAND_ACK,0,4,0,230,255
2025-12-14 21:37:45.683,COMMAND_ACK,0,410,COMMAND_ACK,0,4,0,230,255
2025-12-14 21:37:47.683,COMMAND_ACK,0,410,COMMAND_ACK,0,4,0,230,255
2025-12-14 21:37:49.693,COMMAND_ACK,0,410,COMMAND_ACK,0,4,0,230,255
2025-12-14 21:37:51.693,COMMAND_ACK,0,410,COMMAND_ACK,0,4,0,230,255
2025-12-14 21:37:53.703,COMMAND_ACK,0,410,COMMAND_ACK,0,4,0,230,255
2025-12-14 21:37:55.714,COMMAND_ACK,0,410,COMMAND_ACK,0,4,0,230,255
2025-12-14 21:37:57.728,COMMAND_ACK,0,410,COMMAND_ACK,0,4,0,230,255
2025-12-14 21:37:59.731,COMMAND_ACK,0,410,COMMAND_ACK,0,4,0,230,255
2025-12-14 21:38:01.733,COMMAND_ACK,0,410,COMMAND_ACK,0,4,0,230,255
2025-12-14 21:38:03.731,COMMAND_ACK,0,410,COMMAND_ACK,0,4,0,230,255
2025-12-14 21:38:05.733,COMMAND_ACK,0,410,COMMAND_ACK,0,4,0,230,255
2025-12-14 21:38:07.735,COMMAND_ACK,0,410,COMMAND_ACK,0,4,0,230,255
2025-12-14 21:38:09.747,COMMAND_ACK,0,410,COMMAND_ACK,0,4,0,230,255
2025-12-14 21:38:11.754,COMMAND_ACK,0,410,COMMAND_ACK,0,4,0,230,255
2025-12-14 21:38:13.764,COMMAND_ACK,0,410,COMMAND_ACK,0,4,0,230,255
2025-12-14 21:38:15.764,COMMAND_ACK,0,410,COMMAND_ACK,0,4,0,230,255
2025-12-14 21:38:17.764,COMMAND_ACK,0,410,COMMAND_ACK,0,4,0,230,255
2025-12-14 21:38:19.764,COMMAND_ACK,0,410,COMMAND_ACK,0,4,0,230,255
2025-12-14 21:38:21.783,COMMAND_ACK,0,410,COMMAND_ACK,0,4,0,230,255
2025-12-14 21:38:23.785,COMMAND_ACK,0,410,COMMAND_ACK,0,4,0,230,255
2025-12-14 21:38:25.784,COMMAND_ACK,0,410,COMMAND_ACK,0,4,0,230,255
2025-12-14 21:38:27.794,COMMAND_ACK,0,410,COMMAND_ACK,0,4,0,230,255
2025-12-14 21:38:29.804,COMMAND_ACK,0,410,COMMAND_ACK,0,4,0,230,255
2025-12-14 21:38:31.815,COMMAND_ACK,0,410,COMMAND_ACK,0,4,0,230,255
2025-12-14 21:38:33.831,COMMAND_ACK,0,410,COMMAND_ACK,0,4,0,230,255
2025-12-14 21:38:35.832,COMMAND_ACK,0,410,COMMAND_ACK,0,4,0,230,255
2025-12-14 21:38:37.835,COMMAND_ACK,0,410,COMMAND_ACK,0,4,0,230,255
2025-12-14 21:38:39.845,COMMAND_ACK,0,410,COMMAND_ACK,0,4,0,230,255
2025-12-14 21:38:41.852,COMMAND_ACK,0,410,COMMAND_ACK,0,4,0,230,255
2025-12-14 21:38:43.865,COMMAND_ACK,0,410,COMMAND_ACK,0,4,0,230,255
2025-12-14 21:38:45.865,COMMAND_ACK,0,410,COMMAND_ACK,0,4,0,230,255
2025-12-14 21:38:47.879,COMMAND_ACK,0,410,COMMAND_ACK,0,4,0,230,255
2025-12-14 21:38:49.882,COMMAND_ACK,0,410,COMMAND_ACK,0,4,0,230,255
2025-12-14 21:38:51.883,COMMAND_ACK,0,410,COMMAND_ACK,0,4,0,230,255
2025-12-14 21:38:53.886,COMMAND_ACK,0,410,COMMAND_ACK,0,4,0,230,255
2025-12-14 21:38:55.890,COMMAND_ACK,0,410,COMMAND_ACK,0,4,0,230,255
2025-12-14 21:38:57.895,COMMAND_ACK,0,410,COMMAND_ACK,0,4,0,230,255
2025-12-14 21:38:59.896,COMMAND_ACK,0,410,COMMAND_ACK,0,4,0,230,255
2025-12-14 21:39:01.906,COMMAND_ACK,0,410,COMMAND_ACK,0,4,0,230,255
2025-12-14 21:39:03.916,COMMAND_ACK,0,410,COMMAND_ACK,0,4,0,230,255
2025-12-14 21:39:05.932,COMMAND_ACK,0,410,COMMAND_ACK,0,4,0,230,255
2025-12-14 21:39:07.936,COMMAND_ACK,0,410,COMMAND_ACK,0,4,0,230,255
2025-12-14 21:39:09.938,COMMAND_ACK,0,410,COMMAND_ACK,0,4,0,230,255
2025-12-14 21:39:11.945,COMMAND_ACK,0,410,COMMAND_ACK,0,4,0,230,255
2025-12-14 21:39:13.956,COMMAND_ACK,0,410,COMMAND_ACK,0,4,0,230,255
2025-12-14 21:39:15.956,COMMAND_ACK,0,410,COMMAND_ACK,0,4,0,230,255
2025-12-14 21:39:17.956,COMMAND_ACK,0,410,COMMAND_ACK,0,4,0,230,255
2025-12-14 21:39:19.967,COMMAND_ACK,0,410,COMMAND_ACK,0,4,0,230,255
2025-12-14 21:39:21.983,COMMAND_ACK,0,410,COMMAND_ACK,0,4,0,230,255
2025-12-14 21:39:23.987,COMMAND_ACK,0,410,COMMAND_ACK,0,4,0,230,255
2025-12-14 21:39:25.986,COMMAND_ACK,0,410,COMMAND_ACK,0,4,0,230,255
2025-12-14 21:39:27.997,COMMAND_ACK,0,410,COMMAND_ACK,0,4,0,230,255
2025-12-14 21:39:30.007,COMMAND_ACK,0,410,COMMAND_ACK,0,4,0,230,255
2025-12-14 21:39:32.006,COMMAND_ACK,0,410,COMMAND_ACK,0,4,0,230,255
2025-12-14 21:39:34.018,COMMAND_ACK,0,410,COMMAND_ACK,0,4,0,230,255
2025-12-14 21:39:36.033,COMMAND_ACK,0,410,COMMAND_ACK,0,4,0,230,255
2025-12-14 21:39:38.035,COMMAND_ACK,0,410,COMMAND_ACK,0,4,0,230,255
2025-12-14 21:39:40.037,COMMAND_ACK,0,410,COMMAND_ACK,0,4,0,230,255
2025-12-14 21:39:42.046,COMMAND_ACK,0,410,COMMAND_ACK,0,4,0,230,255
2025-12-14 21:39:44.057,COMMAND_ACK,0,410,COMMAND_ACK,0,4,0,230,255
2025-12-14 21:39:46.057,COMMAND_ACK,0,410,COMMAND_ACK,0,4,0,230,255
2025-12-14 21:39:48.068,COMMAND_ACK,0,410,COMMAND_ACK,0,4,0,230,255
2025-12-14 21:39:50.085,COMMAND_ACK,0,410,COMMAND_ACK,0,4,0,230,255
2025-12-14 21:39:52.085,COMMAND_ACK,0,410,COMMAND_ACK,0,4,0,230,255
2025-12-14 21:39:54.087,COMMAND_ACK,0,410,COMMAND_ACK,0,4,0,230,255
2025-12-14 21:39:56.090,COMMAND_ACK,0,410,COMMAND_ACK,0,4,0,230,255
2025-12-14 21:39:58.098,COMMAND_ACK,0,410,COMMAND_ACK,0,4,0,230,255
2025-12-14 21:40:00.108,COMMAND_ACK,0,410,COMMAND_ACK,0,4,0,230,255
2025-12-14 21:40:02.107,COMMAND_ACK,0,410,COMMAND_ACK,0,4,0,230,255
2025-12-14 21:40:04.119,COMMAND_ACK,0,410,COMMAND_ACK,0,4,0,230,255
2025-12-14 21:40:06.134,COMMAND_ACK,0,410,COMMAND_ACK,0,4,0,230,255
2025-12-14 21:40:08.136,COMMAND_ACK,0,410,COMMAND_ACK,0,4,0,230,255
2025-12-14 21:40:10.138,COMMAND_ACK,0,410,COMMAND_ACK,0,4,0,230,255
2025-12-14 21:40:12.138,COMMAND_ACK,0,410,COMMAND_ACK,0,4,0,230,255
2025-12-14 21:40:14.148,COMMAND_ACK,0,410,COMMAND_ACK,0,4,0,230,255
2025-12-14 21:40:16.158,COMMAND_ACK,0,410,COMMAND_ACK,0,4,0,230,255
2025-12-14 21:40:18.169,COMMAND_ACK,0,410,COMMAND_ACK,0,4,0,230,255
2025-12-14 21:40:20.185,COMMAND_ACK,0,410,COMMAND_ACK,0,4,0,230,255
2025-12-14 21:40:22.189,COMMAND_ACK,0,410,COMMAND_ACK,0,4,0,230,255
2025-12-14 21:40:24.188,COMMAND_ACK,0,410,COMMAND_ACK,0,4,0,230,255
2025-12-14 21:40:26.199,COMMAND_ACK,0,410,COMMAND_ACK,0,4,0,230,255
2025-12-14 21:40:28.209,COMMAND_ACK,0,410,COMMAND_ACK,0,4,0,230,255
2025-12-14 21:40:30.220,COMMAND_ACK,0,410,COMMAND_ACK,0,4,0,230,255
2025-12-14 21:40:32.236,COMMAND_ACK,0,410,COMMAND_ACK,0,4,0,230,255
2025-12-14 21:40:34.239,COMMAND_ACK,0,410,COMMAND_ACK,0,4,0,230,255
2025-12-14 21:40:36.239,COMMAND_ACK,0,410,COMMAND_ACK,0,4,0,230,255
2025-12-14 21:40:38.239,COMMAND_ACK,0,410,COMMAND_ACK,0,4,0,230,255
2025-12-14 21:40:40.242,COMMAND_ACK,0,410,COMMAND_ACK,0,4,0,230,255
2025-12-14 21:40:42.249,COMMAND_ACK,0,410,COMMAND_ACK,0,4,0,230,255
2025-12-14 21:40:44.252,COMMAND_ACK,0,410,COMMAND_ACK,0,4,0,230,255
2025-12-14 21:40:46.260,COMMAND_ACK,0,410,COMMAND_ACK,0,4,0,230,255
2025-12-14 21:40:48.260,COMMAND_ACK,0,410,COMMAND_ACK,0,4,0,230,255
2025-12-14 21:40:50.270,COMMAND_ACK,0,410,COMMAND_ACK,0,4,0,230,255
2025-12-14 21:40:52.284,COMMAND_ACK,0,410,COMMAND_ACK,0,4,0,230,255
2025-12-14 21:40:54.285,COMMAND_ACK,0,410,COMMAND_ACK,0,4,0,230,255
2025-12-14 21:40:56.281,COMMAND_ACK,0,410,COMMAND_ACK,0,4,0,230,255
2025-12-14 21:40:58.281,COMMAND_ACK,0,410,COMMAND_ACK,0,4,0,230,255
2025-12-14 21:41:00.288,COMMAND_ACK,0,410,COMMAND_ACK,0,4,0,230,255
2025-12-14 21:41:02.290,COMMAND_ACK,0,410,COMMAND_ACK,0,4,0,230,255
2025-12-14 21:41:04.290,COMMAND_ACK,0,410,COMMAND_ACK,0,4,0,230,255
2025-12-14 21:41:06.300,COMMAND_ACK,0,410,COMMAND_ACK,0,4,0,230,255
2025-12-14 21:41:08.311,COMMAND_ACK,0,410,COMMAND_ACK,0,4,0,230,255
2025-12-14 21:41:10.310,COMMAND_ACK,0,410,COMMAND_ACK,0,4,0,230,255
2025-12-14 21:41:12.321,COMMAND_ACK,0,410,COMMAND_ACK,0,4,0,230,255
2025-12-14 21:41:14.332,COMMAND_ACK,0,410,COMMAND_ACK,0,4,0,230,255
2025-12-14 21:41:16.332,COMMAND_ACK,0,410,COMMAND_ACK,0,4,0,230,255
2025-12-14 21:41:18.332,COMMAND_ACK,0,410,COMMAND_ACK,0,4,0,230,255
2025-12-14 21:41:20.340,COMMAND_ACK,0,410,COMMAND_ACK,0,4,0,230,255
2025-12-14 21:41:22.341,COMMAND_ACK,0,410,COMMAND_ACK,0,4,0,230,255
2025-12-14 21:41:24.343,COMMAND_ACK,0,410,COMMAND_ACK,0,4,0,230,255
2025-12-14 21:41:26.351,COMMAND_ACK,0,410,COMMAND_ACK,0,4,0,230,255
2025-12-14 21:41:28.353,COMMAND_ACK,0,410,COMMAND_ACK,0,4,0,230,255
2025-12-14 21:41:30.361,COMMAND_ACK,0,410,COMMAND_ACK,0,4,0,230,255
2025-12-14 21:41:32.372,COMMAND_ACK,0,410,COMMAND_ACK,0,4,0,230,255
2025-12-14 21:41:34.386,COMMAND_ACK,0,410,COMMAND_ACK,0,4,0,230,255
2025-12-14 21:41:36.389,COMMAND_ACK,0,410,COMMAND_ACK,0,4,0,230,255
2025-12-14 21:41:38.389,COMMAND_ACK,0,410,COMMAND_ACK,0,4,0,230,255
2025-12-14 21:41:40.392,COMMAND_ACK,0,410,COMMAND_ACK,0,4,0,230,255
2025-12-14 21:41:42.391,COMMAND_ACK,0,410,COMMAND_ACK,0,4,0,230,255
2025-12-14 21:41:44.402,COMMAND_ACK,0,410,COMMAND_ACK,0,4,0,230,255
2025-12-14 21:41:46.412,COMMAND_ACK,0,410,COMMAND_ACK,0,4,0,230,255
2025-12-14 21:41:48.411,COMMAND_ACK,0,410,COMMAND_ACK,0,4,0,230,255
2025-12-14 21:41:50.412,COMMAND_ACK,0,410,COMMAND_ACK,0,4,0,230,255
2025-12-14 21:41:52.422,COMMAND_ACK,0,410,COMMAND_ACK,0,4,0,230,255
2025-12-14 21:41:54.438,COMMAND_ACK,0,410,COMMAND_ACK,0,4,0,230,255
2025-12-14 21:41:56.438,COMMAND_ACK,0,410,COMMAND_ACK,0,4,0,230,255
2025-12-14 21:41:58.442,COMMAND_ACK,0,410,COMMAND_ACK,0,4,0,230,255
2025-12-14 21:42:00.442,COMMAND_ACK,0,410,COMMAND_ACK,0,4,0,230,255
2025-12-14 21:42:02.442,COMMAND_ACK,0,410,COMMAND_ACK,0,4,0,230,255
2025-12-14 21:42:04.442,COMMAND_ACK,0,410,COMMAND_ACK,0,4,0,230,255
2025-12-14 21:42:06.453,COMMAND_ACK,0,410,COMMAND_ACK,0,4,0,230,255
2025-12-14 21:42:08.455,COMMAND_ACK,0,410,COMMAND_ACK,0,4,0,230,255
2025-12-14 21:42:10.460,COMMAND_ACK,0,410,COMMAND_ACK,0,4,0,230,255
2025-12-14 21:42:12.462,COMMAND_ACK,0,410,COMMAND_ACK,0,4,0,230,255
2025-12-14 21:42:14.463,COMMAND_ACK,0,410,COMMAND_ACK,0,4,0,230,255
2025-12-14 21:42:16.470,COMMAND_ACK,0,410,COMMAND_ACK,0,4,0,230,255
2025-12-14 21:42:18.474,COMMAND_ACK,0,410,COMMAND_ACK,0,4,0,230,255
2025-12-14 21:42:20.474,COMMAND_ACK,0,410,COMMAND_ACK,0,4,0,230,255
2025-12-14 21:42:22.473,COMMAND_ACK,0,410,COMMAND_ACK,0,4,0,230,255
2025-12-14 21:42:24.489,COMMAND_ACK,0,410,COMMAND_ACK,0,4,0,230,255
2025-12-14 21:42:26.492,COMMAND_ACK,0,410,COMMAND_ACK,0,4,0,230,255
2025-12-14 21:42:28.494,COMMAND_ACK,0,410,COMMAND_ACK,0,4,0,230,255
2025-12-14 21:42:30.503,COMMAND_ACK,0,410,COMMAND_ACK,0,4,0,230,255
2025-12-14 21:42:32.513,COMMAND_ACK,0,410,COMMAND_ACK,0,4,0,230,255
2025-12-14 21:42:34.524,COMMAND_ACK,0,410,COMMAND_ACK,0,4,0,230,255
2025-12-14 21:42:36.539,COMMAND_ACK,0,410,COMMAND_ACK,0,4,0,230,255
2025-12-14 21:42:38.542,COMMAND_ACK,0,410,COMMAND_ACK,0,4,0,230,255
2025-12-14 21:42:40.543,COMMAND_ACK,0,410,COMMAND_ACK,0,4,0,230,255
2025-12-14 21:42:42.544,COMMAND_ACK,0,410,COMMAND_ACK,0,4,0,230,255
2025-12-14 21:42:44.554,COMMAND_ACK,0,410,COMMAND_ACK,0,4,0,230,255
2025-12-14 21:42:46.553,COMMAND_ACK,0,410,COMMAND_ACK,0,4,0,230,255
2025-12-14 21:42:48.564,COMMAND_ACK,0,410,COMMAND_ACK,0,4,0,230,255
2025-12-14 21:42:50.574,COMMAND_ACK,0,410,COMMAND_ACK,0,4,0,230,255
2025-12-14 21:42:52.589,COMMAND_ACK,0,410,COMMAND_ACK,0,4,0,230,255
2025-12-14 21:42:54.594,COMMAND_ACK,0,410,COMMAND_ACK,0,4,0,230,255
2025-12-14 21:42:56.595,COMMAND_ACK,0,410,COMMAND_ACK,0,4,0,230,255
2025-12-14 21:42:58.604,COMMAND_ACK,0,410,COMMAND_ACK,0,4,0,230,255
2025-12-14 21:43:00.614,COMMAND_ACK,0,410,COMMAND_ACK,0,4,0,230,255
2025-12-14 21:43:02.625,COMMAND_ACK,0,410,COMMAND_ACK,0,4,0,230,255
2025-12-14 21:43:04.640,COMMAND_ACK,0,410,COMMAND_ACK,0,4,0,230,255
2025-12-14 21:43:06.643,COMMAND_ACK,0,410,COMMAND_ACK,0,4,0,230,255
2025-12-14 21:43:08.644,COMMAND_ACK,0,410,COMMAND_ACK,0,4,0,230,255
2025-12-14 21:43:10.647,COMMAND_ACK,0,410,COMMAND_ACK,0,4,0,230,255
2025-12-14 21:43:12.658,COMMAND_ACK,0,410,COMMAND_ACK,0,4,0,230,255
2025-12-14 21:43:14.657,COMMAND_ACK,0,410,COMMAND_ACK,0,4,0,230,255
2025-12-14 21:43:16.664,COMMAND_ACK,0,410,COMMAND_ACK,0,4,0,230,255
2025-12-14 21:43:18.676,COMMAND_ACK,0,410,COMMAND_ACK,0,4,0,230,255
2025-12-14 21:43:20.685,COMMAND_ACK,0,410,COMMAND_ACK,0,4,0,230,255
2025-12-14 21:43:22.692,COMMAND_ACK,0,410,COMMAND_ACK,0,4,0,230,255
2025-12-14 21:43:24.694,COMMAND_ACK,0,410,COMMAND_ACK,0,4,0,230,255
2025-12-14 21:43:26.693,COMMAND_ACK,0,410,COMMAND_ACK,0,4,0,230,255
2025-12-14 21:43:28.695,COMMAND_ACK,0,410,COMMAND_ACK,0,4,0,230,255
2025-12-14 21:43:30.695,COMMAND_ACK,0,410,COMMAND_ACK,0,4,0,230,255
2025-12-14 21:43:32.696,COMMAND_ACK,0,410,COMMAND_ACK,0,4,0,230,255
2025-12-14 21:43:34.705,COMMAND_ACK,0,410,COMMAND_ACK,0,4,0,230,255
2025-12-14 21:43:36.715,COMMAND_ACK,0,410,COMMAND_ACK,0,4,0,230,255
2025-12-14 21:43:38.727,COMMAND_ACK,0,410,COMMAND_ACK,0,4,0,230,255
2025-12-14 21:43:40.741,COMMAND_ACK,0,410,COMMAND_ACK,0,4,0,230,255
2025-12-14 21:43:42.742,COMMAND_ACK,0,410,COMMAND_ACK,0,4,0,230,255
2025-12-14 21:43:44.744,COMMAND_ACK,0,410,COMMAND_ACK,0,4,0,230,255
2025-12-14 21:43:46.746,COMMAND_ACK,0,410,COMMAND_ACK,0,4,0,230,255
2025-12-14 21:43:48.749,COMMAND_ACK,0,410,COMMAND_ACK,0,4,0,230,255
2025-12-14 21:43:50.759,COMMAND_ACK,0,410,COMMAND_ACK,0,4,0,230,255
2025-12-14 21:43:52.766,COMMAND_ACK,0,410,COMMAND_ACK,0,4,0,230,255
2025-12-14 21:43:54.777,COMMAND_ACK,0,410,COMMAND_ACK,0,4,0,230,255
2025-12-14 21:43:56.793,COMMAND_ACK,0,410,COMMAND_ACK,0,4,0,230,255
2025-12-14 21:43:58.795,COMMAND_ACK,0,410,COMMAND_ACK,0,4,0,230,255
2025-12-14 21:44:00.797,COMMAND_ACK,0,410,COMMAND_ACK,0,4,0,230,255
2025-12-14 21:44:02.807,COMMAND_ACK,0,410,COMMAND_ACK,0,4,0,230,255
2025-12-14 21:44:04.817,COMMAND_ACK,0,410,COMMAND_ACK,0,4,0,230,255
2025-12-14 21:44:06.828,COMMAND_ACK,0,410,COMMAND_ACK,0,4,0,230,255
2025-12-14 21:44:08.827,COMMAND_ACK,0,410,COMMAND_ACK,0,4,0,230,255
2025-12-14 21:44:10.841,COMMAND_ACK,0,410,COMMAND_ACK,0,4,0,230,255
2025-12-14 21:44:12.846,COMMAND_ACK,0,410,COMMAND_ACK,0,4,0,230,255
2025-12-14 21:44:14.848,COMMAND_ACK,0,410,COMMAND_ACK,0,4,0,230,255
2025-12-14 21:44:16.847,COMMAND_ACK,0,410,COMMAND_ACK,0,4,0,230,255
2025-12-14 21:44:18.857,COMMAND_ACK,0,410,COMMAND_ACK,0,4,0,230,255
2025-12-14 21:44:20.857,COMMAND_ACK,0,410,COMMAND_ACK,0,4,0,230,255
2025-12-14 21:44:22.857,COMMAND_ACK,0,410,COMMAND_ACK,0,4,0,230,255
2025-12-14 21:44:24.868,COMMAND_ACK,0,410,COMMAND_ACK,0,4,0,230,255
2025-12-14 21:44:26.867,COMMAND_ACK,0,410,COMMAND_ACK,0,4,0,230,255
2025-12-14 21:44:28.878,COMMAND_ACK,0,410,COMMAND_ACK,0,4,0,230,255
2025-12-14 21:44:30.878,COMMAND_ACK,0,410,COMMAND_ACK,0,4,0,230,255
2025-12-14 21:44:32.896,COMMAND_ACK,0,410,COMMAND_ACK,0,4,0,230,255
2025-12-14 21:44:34.896,COMMAND_ACK,0,410,COMMAND_ACK,0,4,0,230,255
2025-12-14 21:44:36.899,COMMAND_ACK,0,410,COMMAND_ACK,0,4,0,230,255
2025-12-14 21:44:38.898,COMMAND_ACK,0,410,COMMAND_ACK,0,4,0,230,255
2025-12-14 21:44:40.900,COMMAND_ACK,0,410,COMMAND_ACK,0,4,0,230,255
2025-12-14 21:44:42.907,COMMAND_ACK,0,410,COMMAND_ACK,0,4,0,230,255
2025-12-14 21:44:44.918,COMMAND_ACK,0,410,COMMAND_ACK,0,4,0,230,255
2025-12-14 21:44:46.929,COMMAND_ACK,0,410,COMMAND_ACK,0,4,0,230,255
2025-12-14 21:44:48.943,COMMAND_ACK,0,410,COMMAND_ACK,0,4,0,230,255
2025-12-14 21:44:50.946,COMMAND_ACK,0,410,COMMAND_ACK,0,4,0,230,255
2025-12-14 21:44:52.946,COMMAND_ACK,0,410,COMMAND_ACK,0,4,0,230,255
2025-12-14 21:44:54.949,COMMAND_ACK,0,410,COMMAND_ACK,0,4,0,230,255
2025-12-14 21:44:56.948,COMMAND_ACK,0,410,COMMAND_ACK,0,4,0,230,255
2025-12-14 21:44:58.959,COMMAND_ACK,0,410,COMMAND_ACK,0,4,0,230,255
2025-12-14 21:45:00.962,COMMAND_ACK,0,410,COMMAND_ACK,0,4,0,230,255
2025-12-14 21:45:02.969,COMMAND_ACK,0,410,COMMAND_ACK,0,4,0,230,255
2025-12-14 21:45:04.969,COMMAND_ACK,0,410,COMMAND_ACK,0,4,0,230,255
2025-12-14 21:45:06.979,COMMAND_ACK,0,410,COMMAND_ACK,0,4,0,230,255
2025-12-14 21:45:08.994,COMMAND_ACK,0,410,COMMAND_ACK,0,4,0,230,255
2025-12-14 21:45:10.991,COMMAND_ACK,0,410,COMMAND_ACK,0,4,0,230,255
2025-12-14 21:45:12.994,COMMAND_ACK,0,410,COMMAND_ACK,0,4,0,230,255
2025-12-14 21:45:15.000,COMMAND_ACK,0,410,COMMAND_ACK,0,4,0,230,255
2025-12-14 21:45:16.999,COMMAND_ACK,0,410,COMMAND_ACK,0,4,0,230,255
2025-12-14 21:45:19.004,COMMAND_ACK,0,410,COMMAND_ACK,0,4,0,230,255
2025-12-14 21:45:21.010,COMMAND_ACK,0,410,COMMAND_ACK,0,4,0,230,255
2025-12-14 21:45:23.020,COMMAND_ACK,0,410,COMMAND_ACK,0,4,0,230,255
2025-12-14 21:45:25.019,COMMAND_ACK,0,410,COMMAND_ACK,0,4,0,230,255
2025-12-14 21:45:27.030,COMMAND_ACK,0,410,COMMAND_ACK,0,4,0,230,255
2025-12-14 21:45:29.044,COMMAND_ACK,0,410,COMMAND_ACK,0,4,0,230,255
2025-12-14 21:45:31.047,COMMAND_ACK,0,410,COMMAND_ACK,0,4,0,230,255
2025-12-14 21:45:33.049,COMMAND_ACK,0,410,COMMAND_ACK,0,4,0,230,255
2025-12-14 21:45:35.051,COMMAND_ACK,0,410,COMMAND_ACK,0,4,0,230,255
2025-12-14 21:45:37.052,COMMAND_ACK,0,410,COMMAND_ACK,0,4,0,230,255
2025-12-14 21:45:39.063,COMMAND_ACK,0,410,COMMAND_ACK,0,4,0,230,255
2025-12-14 21:45:41.071,COMMAND_ACK,0,410,COMMAND_ACK,0,4,0,230,255
2025-12-14 21:45:43.081,COMMAND_ACK,0,410,COMMAND_ACK,0,4,0,230,255
2025-12-14 21:45:45.081,COMMAND_ACK,0,410,COMMAND_ACK,0,4,0,230,255
2025-12-14 21:45:47.096,COMMAND_ACK,0,410,COMMAND_ACK,0,4,0,230,255
2025-12-14 21:45:49.098,COMMAND_ACK,0,410,COMMAND_ACK,0,4,0,230,255
2025-12-14 21:45:51.098,COMMAND_ACK,0,410,COMMAND_ACK,0,4,0,230,255
2025-12-14 21:45:53.101,COMMAND_ACK,0,410,COMMAND_ACK,0,4,0,230,255
2025-12-14 21:45:55.100,COMMAND_ACK,0,410,COMMAND_ACK,0,4,0,230,255
2025-12-14 21:45:57.111,COMMAND_ACK,0,410,COMMAND_ACK,0,4,0,230,255
2025-12-14 21:45:59.121,COMMAND_ACK,0,410,COMMAND_ACK,0,4,0,230,255
2025-12-14 21:46:01.132,COMMAND_ACK,0,410,COMMAND_ACK,0,4,0,230,255
2025-12-14 21:46:03.147,COMMAND_ACK,0,410,COMMAND_ACK,0,4,0,230,255
2025-12-14 21:46:05.148,COMMAND_ACK,0,410,COMMAND_ACK,0,4,0,230,255
2025-12-14 21:46:07.148,COMMAND_ACK,0,410,COMMAND_ACK,0,4,0,230,255
2025-12-14 21:46:09.150,COMMAND_ACK,0,410,COMMAND_ACK,0,4,0,230,255
2025-12-14 21:46:11.152,COMMAND_ACK,0,410,COMMAND_ACK,0,4,0,230,255
2025-12-14 21:46:13.151,COMMAND_ACK,0,410,COMMAND_ACK,0,4,0,230,255
2025-12-14 21:46:15.161,COMMAND_ACK,0,410,COMMAND_ACK,0,4,0,230,255
2025-12-14 21:46:17.167,COMMAND_ACK,0,410,COMMAND_ACK,0,4,0,230,255
2025-12-14 21:46:19.172,COMMAND_ACK,0,410,COMMAND_ACK,0,4,0,230,255
2025-12-14 21:46:21.182,COMMAND_ACK,0,410,COMMAND_ACK,0,4,0,230,255
2025-12-14 21:46:23.193,COMMAND_ACK,0,410,COMMAND_ACK,0,4,0,230,255
2025-12-14 21:46:25.199,COMMAND_ACK,0,410,COMMAND_ACK,0,4,0,230,255
2025-12-14 21:46:27.202,COMMAND_ACK,0,410,COMMAND_ACK,0,4,0,230,255
2025-12-14 21:46:29.202,COMMAND_ACK,0,410,COMMAND_ACK,0,4,0,230,255
2025-12-14 21:46:31.204,COMMAND_ACK,0,410,COMMAND_ACK,0,4,0,230,255
2025-12-14 21:46:33.212,COMMAND_ACK,0,410,COMMAND_ACK,0,4,0,230,255
2025-12-14 21:46:35.222,COMMAND_ACK,0,410,COMMAND_ACK,0,4,0,230,255
2025-12-14 21:46:37.222,COMMAND_ACK,0,410,COMMAND_ACK,0,4,0,230,255
2025-12-14 21:46:39.223,COMMAND_ACK,0,410,COMMAND_ACK,0,4,0,230,255
2025-12-14 21:46:41.223,COMMAND_ACK,0,410,COMMAND_ACK,0,4,0,230,255
2025-12-14 21:46:43.233,COMMAND_ACK,0,410,COMMAND_ACK,0,4,0,230,255
2025-12-14 21:46:45.248,COMMAND_ACK,0,410,COMMAND_ACK,0,4,0,230,255
2025-12-14 21:46:47.250,COMMAND_ACK,0,410,COMMAND_ACK,0,4,0,230,255
2025-12-14 21:46:49.251,COMMAND_ACK,0,410,COMMAND_ACK,0,4,0,230,255
2025-12-14 21:46:51.252,COMMAND_ACK,0,410,COMMAND_ACK,0,4,0,230,255
2025-12-14 21:46:53.252,COMMAND_ACK,0,410,COMMAND_ACK,0,4,0,230,255
2025-12-14 21:46:55.253,COMMAND_ACK,0,410,COMMAND_ACK,0,4,0,230,255
2025-12-14 21:46:57.253,COMMAND_ACK,0,410,COMMAND_ACK,0,4,0,230,255
2025-12-14 21:46:59.262,COMMAND_ACK,0,410,COMMAND_ACK,0,4,0,230,255
2025-12-14 21:47:01.273,COMMAND_ACK,0,410,COMMAND_ACK,0,4,0,230,255
2025-12-14 21:47:03.284,COMMAND_ACK,0,410,COMMAND_ACK,0,4,0,230,255
2025-12-14 21:47:05.283,COMMAND_ACK,0,410,COMMAND_ACK,0,4,0,230,255
2025-12-14 21:47:07.300,COMMAND_ACK,0,410,COMMAND_ACK,0,4,0,230,255
2025-12-14 21:47:09.304,COMMAND_ACK,0,410,COMMAND_ACK,0,4,0,230,255
2025-12-14 21:47:11.304,COMMAND_ACK,0,410,COMMAND_ACK,0,4,0,230,255
2025-12-14 21:47:13.313,COMMAND_ACK,0,410,COMMAND_ACK,0,4,0,230,255
2025-12-14 21:47:15.324,COMMAND_ACK,0,410,COMMAND_ACK,0,4,0,230,255
2025-12-14 21:47:17.334,COMMAND_ACK,0,410,COMMAND_ACK,0,4,0,230,255
2025-12-14 21:47:19.351,COMMAND_ACK,0,410,COMMAND_ACK,0,4,0,230,255
2025-12-14 21:47:21.348,COMMAND_ACK,0,410,COMMAND_ACK,0,4,0,230,255
2025-12-14 21:47:23.354,COMMAND_ACK,0,410,COMMAND_ACK,0,4,0,230,255
2025-12-14 21:47:25.364,COMMAND_ACK,0,410,COMMAND_ACK,0,4,0,230,255
2025-12-14 21:47:27.364,COMMAND_ACK,0,410,COMMAND_ACK,0,4,0,230,255
2025-12-14 21:47:29.366,COMMAND_ACK,0,410,COMMAND_ACK,0,4,0,230,255
2025-12-14 21:47:31.374,COMMAND_ACK,0,410,COMMAND_ACK,0,4,0,230,255
2025-12-14 21:47:33.385,COMMAND_ACK,0,410,COMMAND_ACK,0,4,0,230,255
2025-12-14 21:47:35.384,COMMAND_ACK,0,410,COMMAND_ACK,0,4,0,230,255
2025-12-14 21:47:37.400,COMMAND_ACK,0,410,COMMAND_ACK,0,4,0,230,255
2025-12-14 21:47:39.402,COMMAND_ACK,0,410,COMMAND_ACK,0,4,0,230,255
2025-12-14 21:47:41.396,COMMAND_ACK,0,410,COMMAND_ACK,0,4,0,230,255
2025-12-14 21:47:43.397,COMMAND_ACK,0,410,COMMAND_ACK,0,4,0,230,255
2025-12-14 21:47:45.403,COMMAND_ACK,0,410,COMMAND_ACK,0,4,0,230,255
2025-12-14 21:47:47.405,COMMAND_ACK,0,410,COMMAND_ACK,0,4,0,230,255
2025-12-14 21:47:49.405,COMMAND_ACK,0,410,COMMAND_ACK,0,4,0,230,255
2025-12-14 21:47:51.415,COMMAND_ACK,0,410,COMMAND_ACK,0,4,0,230,255
2025-12-14 21:47:53.425,COMMAND_ACK,0,410,COMMAND_ACK,0,4,0,230,255
2025-12-14 21:47:55.435,COMMAND_ACK,0,410,COMMAND_ACK,0,4,0,230,255
2025-12-14 21:47:57.452,COMMAND_ACK,0,410,COMMAND_ACK,0,4,0,230,255
2025-12-14 21:47:59.453,COMMAND_ACK,0,410,COMMAND_ACK,0,4,0,230,255
2025-12-14 21:48:01.456,COMMAND_ACK,0,410,COMMAND_ACK,0,4,0,230,255
2025-12-14 21:48:03.455,COMMAND_ACK,0,410,COMMAND_ACK,0,4,0,230,255
2025-12-14 21:48:05.455,COMMAND_ACK,0,410,COMMAND_ACK,0,4,0,230,255
2025-12-14 21:48:07.465,COMMAND_ACK,0,410,COMMAND_ACK,0,4,0,230,255
2025-12-14 21:48:09.475,COMMAND_ACK,0,410,COMMAND_ACK,0,4,0,230,255
2025-12-14 21:48:11.486,COMMAND_ACK,0,410,COMMAND_ACK,0,4,0,230,255
2025-12-14 21:48:13.486,COMMAND_ACK,0,410,COMMAND_ACK,0,4,0,230,255
2025-12-14 21:48:15.486,COMMAND_ACK,0,410,COMMAND_ACK,0,4,0,230,255
2025-12-14 21:48:17.502,COMMAND_ACK,0,410,COMMAND_ACK,0,4,0,230,255
2025-12-14 21:48:19.506,COMMAND_ACK,0,410,COMMAND_ACK,0,4,0,230,255
2025-12-14 21:48:21.509,COMMAND_ACK,0,410,COMMAND_ACK,0,4,0,230,255
2025-12-14 21:48:23.511,COMMAND_ACK,0,410,COMMAND_ACK,0,4,0,230,255
2025-12-14 21:48:25.511,COMMAND_ACK,0,410,COMMAND_ACK,0,4,0,230,255
2025-12-14 21:48:27.515,COMMAND_ACK,0,410,COMMAND_ACK,0,4,0,230,255
2025-12-14 21:48:29.526,COMMAND_ACK,0,410,COMMAND_ACK,0,4,0,230,255
2025-12-14 21:48:31.536,COMMAND_ACK,0,410,COMMAND_ACK,0,4,0,230,255
2025-12-14 21:48:33.554,COMMAND_ACK,0,410,COMMAND_ACK,0,4,0,230,255
2025-12-14 21:48:35.557,COMMAND_ACK,0,410,COMMAND_ACK,0,4,0,230,255
2025-12-14 21:48:37.557,COMMAND_ACK,0,410,COMMAND_ACK,0,4,0,230,255
2025-12-14 21:48:39.559,COMMAND_ACK,0,410,COMMAND_ACK,0,4,0,230,255
2025-12-14 21:48:41.569,COMMAND_ACK,0,410,COMMAND_ACK,0,4,0,230,255
2025-12-14 21:48:43.577,COMMAND_ACK,0,410,COMMAND_ACK,0,4,0,230,255
2025-12-14 21:48:45.587,COMMAND_ACK,0,410,COMMAND_ACK,0,4,0,230,255
2025-12-14 21:48:47.604,COMMAND_ACK,0,410,COMMAND_ACK,0,4,0,230,255
2025-12-14 21:48:49.605,COMMAND_ACK,0,410,COMMAND_ACK,0,4,0,230,255
2025-12-14 21:48:51.607,COMMAND_ACK,0,410,COMMAND_ACK,0,4,0,230,255
2025-12-14 21:48:53.607,COMMAND_ACK,0,410,COMMAND_ACK,0,4,0,230,255
2025-12-14 21:48:55.607,COMMAND_ACK,0,410,COMMAND_ACK,0,4,0,230,255
2025-12-14 21:48:57.617,COMMAND_ACK,0,410,COMMAND_ACK,0,4,0,230,255
2025-12-14 21:48:59.617,COMMAND_ACK,0,410,COMMAND_ACK,0,4,0,230,255
2025-12-14 21:49:01.627,COMMAND_ACK,0,410,COMMAND_ACK,0,4,0,230,255
2025-12-14 21:49:03.638,COMMAND_ACK,0,410,COMMAND_ACK,0,4,0,230,255
2025-12-14 21:49:05.653,COMMAND_ACK,0,410,COMMAND_ACK,0,4,0,230,255
2025-12-14 21:49:07.655,COMMAND_ACK,0,410,COMMAND_ACK,0,4,0,230,255
2025-12-14 21:49:09.663,COMMAND_ACK,0,410,COMMAND_ACK,0,4,0,230,255
2025-12-14 21:49:11.671,COMMAND_ACK,0,410,COMMAND_ACK,0,4,0,230,255
2025-12-14 21:49:13.678,COMMAND_ACK,0,410,COMMAND_ACK,0,4,0,230,255
2025-12-14 21:49:15.688,COMMAND_ACK,0,410,COMMAND_ACK,0,4,0,230,255
2025-12-14 21:49:17.689,COMMAND_ACK,0,410,COMMAND_ACK,0,4,0,230,255
2025-12-14 21:49:19.703,COMMAND_ACK,0,410,COMMAND_ACK,0,4,0,230,255
2025-12-14 21:49:21.704,COMMAND_ACK,0,410,COMMAND_ACK,0,4,0,230,255
2025-12-14 21:49:23.700,COMMAND_ACK,0,410,COMMAND_ACK,0,4,0,230,255
2025-12-14 21:49:25.700,COMMAND_ACK,0,410,COMMAND_ACK,0,4,0,230,255
2025-12-14 21:49:27.703,COMMAND_ACK,0,410,COMMAND_ACK,0,4,0,230,255
2025-12-14 21:49:29.709,COMMAND_ACK,0,410,COMMAND_ACK,0,4,0,230,255
2025-12-14 21:49:31.718,COMMAND_ACK,0,410,COMMAND_ACK,0,4,0,230,255
2025-12-14 21:49:33.729,COMMAND_ACK,0,410,COMMAND_ACK,0,4,0,230,255
2025-12-14 21:49:35.739,COMMAND_ACK,0,410,COMMAND_ACK,0,4,0,230,255
2025-12-14 21:49:37.755,COMMAND_ACK,0,410,COMMAND_ACK,0,4,0,230,255
2025-12-14 21:49:39.752,COMMAND_ACK,0,410,COMMAND_ACK,0,4,0,230,255
2025-12-14 21:49:41.756,COMMAND_ACK,0,410,COMMAND_ACK,0,4,0,230,255
2025-12-14 21:49:43.756,COMMAND_ACK,0,410,COMMAND_ACK,0,4,0,230,255
2025-12-14 21:49:45.759,COMMAND_ACK,0,410,COMMAND_ACK,0,4,0,230,255
2025-12-14 21:49:47.762,COMMAND_ACK,0,410,COMMAND_ACK,0,4,0,230,255
2025-12-14 21:49:49.764,COMMAND_ACK,0,410,COMMAND_ACK,0,4,0,230,255
2025-12-14 21:49:51.772,COMMAND_ACK,0,410,COMMAND_ACK,0,4,0,230,255
2025-12-14 21:49:53.779,COMMAND_ACK,0,410,COMMAND_ACK,0,4,0,230,255
2025-12-14 21:49:55.790,COMMAND_ACK,0,410,COMMAND_ACK,0,4,0,230,255
2025-12-14 21:49:57.807,COMMAND_ACK,0,410,COMMAND_ACK,0,4,0,230,255
2025-12-14 21:49:59.808,COMMAND_ACK,0,410,COMMAND_ACK,0,4,0,230,255
2025-12-14 21:50:01.809,COMMAND_ACK,0,410,COMMAND_ACK,0,4,0,230,255
2025-12-14 21:50:03.820,COMMAND_ACK,0,410,COMMAND_ACK,0,4,0,230,255
2025-12-14 21:50:05.829,COMMAND_ACK,0,410,COMMAND_ACK,0,4,0,230,255
2025-12-14 21:50:07.840,COMMAND_ACK,0,410,COMMAND_ACK,0,4,0,230,255
2025-12-14 21:50:09.850,COMMAND_ACK,0,410,COMMAND_ACK,0,4,0,230,255
2025-12-14 21:50:11.849,COMMAND_ACK,0,410,COMMAND_ACK,0,4,0,230,255
2025-12-14 21:50:13.851,COMMAND_ACK,0,410,COMMAND_ACK,0,4,0,230,255
2025-12-14 21:50:15.859,COMMAND_ACK,0,410,COMMAND_ACK,0,4,0,230,255
2025-12-14 21:50:17.870,COMMAND_ACK,0,410,COMMAND_ACK,0,4,0,230,255
2025-12-14 21:50:19.873,COMMAND_ACK,0,410,COMMAND_ACK,0,4,0,230,255
2025-12-14 21:50:21.880,COMMAND_ACK,0,410,COMMAND_ACK,0,4,0,230,255
2025-12-14 21:50:23.891,COMMAND_ACK,0,410,COMMAND_ACK,0,4,0,230,255
2025-12-14 21:50:25.900,COMMAND_ACK,0,410,COMMAND_ACK,0,4,0,230,255
2025-12-14 21:50:27.903,COMMAND_ACK,0,410,COMMAND_ACK,0,4,0,230,255
2025-12-14 21:50:29.910,COMMAND_ACK,0,410,COMMAND_ACK,0,4,0,230,255
2025-12-14 21:50:31.911,COMMAND_ACK,0,410,COMMAND_ACK,0,4,0,230,255
2025-12-14 21:50:33.920,COMMAND_ACK,0,410,COMMAND_ACK,0,4,0,230,255
2025-12-14 21:50:35.930,COMMAND_ACK,0,410,COMMAND_ACK,0,4,0,230,255
2025-12-14 21:50:37.942,COMMAND_ACK,0,410,COMMAND_ACK,0,4,0,230,255
2025-12-14 21:50:39.951,COMMAND_ACK,0,410,COMMAND_ACK,0,4,0,230,255
2025-12-14 21:50:41.951,COMMAND_ACK,0,410,COMMAND_ACK,0,4,0,230,255
2025-12-14 21:50:43.956,COMMAND_ACK,0,410,COMMAND_ACK,0,4,0,230,255
2025-12-14 21:50:45.960,COMMAND_ACK,0,410,COMMAND_ACK,0,4,0,230,255
2025-12-14 21:50:47.961,COMMAND_ACK,0,410,COMMAND_ACK,0,4,0,230,255
2025-12-14 21:50:49.961,COMMAND_ACK,0,410,COMMAND_ACK,0,4,0,230,255
2025-12-14 21:50:51.963,COMMAND_ACK,0,410,COMMAND_ACK,0,4,0,230,255
2025-12-14 21:50:53.971,COMMAND_ACK,0,410,COMMAND_ACK,0,4,0,230,255
2025-12-14 21:50:55.981,COMMAND_ACK,0,410,COMMAND_ACK,0,4,0,230,255
2025-12-14 21:50:57.992,COMMAND_ACK,0,410,COMMAND_ACK,0,4,0,230,255
2025-12-14 21:51:00.008,COMMAND_ACK,0,410,COMMAND_ACK,0,4,0,230,255
2025-12-14 21:51:02.009,COMMAND_ACK,0,410,COMMAND_ACK,0,4,0,230,255
2025-12-14 21:51:04.010,COMMAND_ACK,0,410,COMMAND_ACK,0,4,0,230,255
2025-12-14 21:51:06.012,COMMAND_ACK,0,410,COMMAND_ACK,0,4,0,230,255
2025-12-14 21:51:08.012,COMMAND_ACK,0,410,COMMAND_ACK,0,4,0,230,255
2025-12-14 21:51:10.014,COMMAND_ACK,0,410,COMMAND_ACK,0,4,0,230,255
2025-12-14 21:51:12.022,COMMAND_ACK,0,410,COMMAND_ACK,0,4,0,230,255
2025-12-14 21:51:14.032,COMMAND_ACK,0,410,COMMAND_ACK,0,4,0,230,255
2025-12-14 21:51:16.043,COMMAND_ACK,0,410,COMMAND_ACK,0,4,0,230,255
2025-12-14 21:51:18.059,COMMAND_ACK,0,410,COMMAND_ACK,0,4,0,230,255
2025-12-14 21:51:20.060,COMMAND_ACK,0,410,COMMAND_ACK,0,4,0,230,255
2025-12-14 21:51:22.063,COMMAND_ACK,0,410,COMMAND_ACK,0,4,0,230,255
2025-12-14 21:51:24.065,COMMAND_ACK,0,410,COMMAND_ACK,0,4,0,230,255
2025-12-14 21:51:26.072,COMMAND_ACK,0,410,COMMAND_ACK,0,4,0,230,255
2025-12-14 21:51:28.080,COMMAND_ACK,0,410,COMMAND_ACK,0,4,0,230,255
2025-12-14 21:51:30.083,COMMAND_ACK,0,410,COMMAND_ACK,0,4,0,230,255
2025-12-14 21:51:32.093,COMMAND_ACK,0,410,COMMAND_ACK,0,4,0,230,255
2025-12-14 21:51:34.093,COMMAND_ACK,0,410,COMMAND_ACK,0,4,0,230,255
2025-12-14 21:51:36.112,COMMAND_ACK,0,410,COMMAND_ACK,0,4,0,230,255
2025-12-14 21:51:38.111,COMMAND_ACK,0,410,COMMAND_ACK,0,4,0,230,255
2025-12-14 21:51:40.113,COMMAND_ACK,0,410,COMMAND_ACK,0,4,0,230,255
2025-12-14 21:51:42.110,COMMAND_ACK,0,410,COMMAND_ACK,0,4,0,230,255
2025-12-14 21:51:44.111,COMMAND_ACK,0,410,COMMAND_ACK,0,4,0,230,255
2025-12-14 21:51:46.114,COMMAND_ACK,0,410,COMMAND_ACK,0,4,0,230,255
2025-12-14 21:51:48.113,COMMAND_ACK,0,410,COMMAND_ACK,0,4,0,230,255
2025-12-14 21:51:50.123,COMMAND_ACK,0,410,COMMAND_ACK,0,4,0,230,255
2025-12-14 21:51:52.134,COMMAND_ACK,0,410,COMMAND_ACK,0,4,0,230,255
2025-12-14 21:51:54.144,COMMAND_ACK,0,410,COMMAND_ACK,0,4,0,230,255
2025-12-14 21:51:56.157,COMMAND_ACK,0,410,COMMAND_ACK,0,4,0,230,255
2025-12-14 21:51:58.161,COMMAND_ACK,0,410,COMMAND_ACK,0,4,0,230,255
2025-12-14 21:52:00.164,COMMAND_ACK,0,410,COMMAND_ACK,0,4,0,230,255
2025-12-14 21:52:02.169,COMMAND_ACK,0,410,COMMAND_ACK,0,4,0,230,255
2025-12-14 21:52:04.176,COMMAND_ACK,0,410,COMMAND_ACK,0,4,0,230,255
2025-12-14 21:52:06.184,COMMAND_ACK,0,410,COMMAND_ACK,0,4,0,230,255
2025-12-14 21:52:08.194,COMMAND_ACK,0,410,COMMAND_ACK,0,4,0,230,255
2025-12-14 21:52:10.194,COMMAND_ACK,0,410,COMMAND_ACK,0,4,0,230,255
2025-12-14 21:52:12.211,COMMAND_ACK,0,410,COMMAND_ACK,0,4,0,230,255
2025-12-14 21:52:14.215,COMMAND_ACK,0,410,COMMAND_ACK,0,4,0,230,255
2025-12-14 21:52:16.214,COMMAND_ACK,0,410,COMMAND_ACK,0,4,0,230,255
2025-12-14 21:52:18.224,COMMAND_ACK,0,410,COMMAND_ACK,0,4,0,230,255
2025-12-14 21:52:20.235,COMMAND_ACK,0,410,COMMAND_ACK,0,4,0,230,255
2025-12-14 21:52:22.235,COMMAND_ACK,0,410,COMMAND_ACK,0,4,0,230,255
2025-12-14 21:52:24.245,COMMAND_ACK,0,410,COMMAND_ACK,0,4,0,230,255
2025-12-14 21:52:26.254,COMMAND_ACK,0,410,COMMAND_ACK,0,4,0,230,255
2025-12-14 21:52:28.255,COMMAND_ACK,0,410,COMMAND_ACK,0,4,0,230,255
2025-12-14 21:52:30.260,COMMAND_ACK,0,410,COMMAND_ACK,0,4,0,230,255
2025-12-14 21:52:32.264,COMMAND_ACK,0,410,COMMAND_ACK,0,4,0,230,255
2025-12-14 21:52:34.264,COMMAND_ACK,0,410,COMMAND_ACK,0,4,0,230,255
2025-12-14 21:52:36.267,COMMAND_ACK,0,410,COMMAND_ACK,0,4,0,230,255
2025-12-14 21:52:38.267,COMMAND_ACK,0,410,COMMAND_ACK,0,4,0,230,255
2025-12-14 21:52:40.277,COMMAND_ACK,0,410,COMMAND_ACK,0,4,0,230,255
2025-12-14 21:52:42.285,COMMAND_ACK,0,410,COMMAND_ACK,0,4,0,230,255
2025-12-14 21:52:44.296,COMMAND_ACK,0,410,COMMAND_ACK,0,4,0,230,255
2025-12-14 21:52:46.295,COMMAND_ACK,0,410,COMMAND_ACK,0,4,0,230,255
2025-12-14 21:52:48.310,COMMAND_ACK,0,410,COMMAND_ACK,0,4,0,230,255
2025-12-14 21:52:50.313,COMMAND_ACK,0,410,COMMAND_ACK,0,4,0,230,255
2025-12-14 21:52:52.314,COMMAND_ACK,0,410,COMMAND_ACK,0,4,0,230,255
2025-12-14 21:52:54.315,COMMAND_ACK,0,410,COMMAND_ACK,0,4,0,230,255
2025-12-14 21:52:56.320,COMMAND_ACK,0,410,COMMAND_ACK,0,4,0,230,255
2025-12-14 21:52:58.321,COMMAND_ACK,0,410,COMMAND_ACK,0,4,0,230,255
2025-12-14 21:53:00.325,COMMAND_ACK,0,410,COMMAND_ACK,0,4,0,230,255
2025-12-14 21:53:02.325,COMMAND_ACK,0,410,COMMAND_ACK,0,4,0,230,255
2025-12-14 21:53:04.336,COMMAND_ACK,0,410,COMMAND_ACK,0,4,0,230,255
2025-12-14 21:53:06.346,COMMAND_ACK,0,410,COMMAND_ACK,0,4,0,230,255
2025-12-14 21:53:08.346,COMMAND_ACK,0,410,COMMAND_ACK,0,4,0,230,255
2025-12-14 21:53:10.363,COMMAND_ACK,0,410,COMMAND_ACK,0,4,0,230,255
2025-12-14 21:53:12.366,COMMAND_ACK,0,410,COMMAND_ACK,0,4,0,230,255
2025-12-14 21:53:14.369,COMMAND_ACK,0,410,COMMAND_ACK,0,4,0,230,255
2025-12-14 21:53:16.376,COMMAND_ACK,0,410,COMMAND_ACK,0,4,0,230,255
2025-12-14 21:53:18.376,COMMAND_ACK,0,410,COMMAND_ACK,0,4,0,230,255
2025-12-14 21:53:20.379,COMMAND_ACK,0,410,COMMAND_ACK,0,4,0,230,255
2025-12-14 21:53:22.386,COMMAND_ACK,0,410,COMMAND_ACK,0,4,0,230,255
2025-12-14 21:53:24.397,COMMAND_ACK,0,410,COMMAND_ACK,0,4,0,230,255
2025-12-14 21:53:26.407,COMMAND_ACK,0,410,COMMAND_ACK,0,4,0,230,255
2025-12-14 21:53:28.408,COMMAND_ACK,0,410,COMMAND_ACK,0,4,0,230,255
2025-12-14 21:53:30.414,COMMAND_ACK,0,410,COMMAND_ACK,0,4,0,230,255
2025-12-14 21:53:32.417,COMMAND_ACK,0,410,COMMAND_ACK,0,4,0,230,255
2025-12-14 21:53:34.427,COMMAND_ACK,0,410,COMMAND_ACK,0,4,0,230,255
2025-12-14 21:53:36.437,COMMAND_ACK,0,410,COMMAND_ACK,0,4,0,230,255
2025-12-14 21:53:38.448,COMMAND_ACK,0,410,COMMAND_ACK,0,4,0,230,255
2025-12-14 21:53:40.463,COMMAND_ACK,0,410,COMMAND_ACK,0,4,0,230,255
2025-12-14 21:53:42.465,COMMAND_ACK,0,410,COMMAND_ACK,0,4,0,230,255
2025-12-14 21:53:44.467,COMMAND_ACK,0,410,COMMAND_ACK,0,4,0,230,255
2025-12-14 21:53:46.467,COMMAND_ACK,0,410,COMMAND_ACK,0,4,0,230,255
2025-12-14 21:53:48.477,COMMAND_ACK,0,410,COMMAND_ACK,0,4,0,230,255
2025-12-14 21:53:50.480,COMMAND_ACK,0,410,COMMAND_ACK,0,4,0,230,255
2025-12-14 21:53:52.487,COMMAND_ACK,0,410,COMMAND_ACK,0,4,0,230,255
2025-12-14 21:53:54.487,COMMAND_ACK,0,410,COMMAND_ACK,0,4,0,230,255
2025-12-14 21:53:56.498,COMMAND_ACK,0,410,COMMAND_ACK,0,4,0,230,255
2025-12-14 21:53:58.516,COMMAND_ACK,0,410,COMMAND_ACK,0,4,0,230,255
2025-12-14 21:54:00.518,COMMAND_ACK,0,410,COMMAND_ACK,0,4,0,230,255
2025-12-14 21:54:02.518,COMMAND_ACK,0,410,COMMAND_ACK,0,4,0,230,255
2025-12-14 21:54:04.518,COMMAND_ACK,0,410,COMMAND_ACK,0,4,0,230,255
2025-12-14 21:54:06.528,COMMAND_ACK,0,410,COMMAND_ACK,0,4,0,230,255
2025-12-14 21:54:08.538,COMMAND_ACK,0,410,COMMAND_ACK,0,4,0,230,255
2025-12-14 21:54:10.549,COMMAND_ACK,0,410,COMMAND_ACK,0,4,0,230,255
2025-12-14 21:54:12.549,COMMAND_ACK,0,410,COMMAND_ACK,0,4,0,230,255
2025-12-14 21:54:14.548,COMMAND_ACK,0,410,COMMAND_ACK,0,4,0,230,255
2025-12-14 21:54:16.549,COMMAND_ACK,0,410,COMMAND_ACK,0,4,0,230,255
2025-12-14 21:54:18.565,COMMAND_ACK,0,410,COMMAND_ACK,0,4,0,230,255
2025-12-14 21:54:20.568,COMMAND_ACK,0,410,COMMAND_ACK,0,4,0,230,255
2025-12-14 21:54:22.568,COMMAND_ACK,0,410,COMMAND_ACK,0,4,0,230,255
2025-12-14 21:54:24.569,COMMAND_ACK,0,410,COMMAND_ACK,0,4,0,230,255
2025-12-14 21:54:26.579,COMMAND_ACK,0,410,COMMAND_ACK,0,4,0,230,255
2025-12-14 21:54:28.578,COMMAND_ACK,0,410,COMMAND_ACK,0,4,0,230,255
2025-12-14 21:54:30.578,COMMAND_ACK,0,410,COMMAND_ACK,0,4,0,230,255
2025-12-14 21:54:32.582,COMMAND_ACK,0,410,COMMAND_ACK,0,4,0,230,255
2025-12-14 21:54:34.589,COMMAND_ACK,0,410,COMMAND_ACK,0,4,0,230,255
2025-12-14 21:54:36.599,COMMAND_ACK,0,410,COMMAND_ACK,0,4,0,230,255
2025-12-14 21:54:38.618,COMMAND_ACK,0,410,COMMAND_ACK,0,4,0,230,255
2025-12-14 21:54:40.617,COMMAND_ACK,0,410,COMMAND_ACK,0,4,0,230,255
2025-12-14 21:54:42.617,COMMAND_ACK,0,410,COMMAND_ACK,0,4,0,230,255
2025-12-14 21:54:44.619,COMMAND_ACK,0,410,COMMAND_ACK,0,4,0,230,255
2025-12-14 21:54:46.630,COMMAND_ACK,0,410,COMMAND_ACK,0,4,0,230,255
2025-12-14 21:54:48.639,COMMAND_ACK,0,410,COMMAND_ACK,0,4,0,230,255
2025-12-14 21:54:50.650,COMMAND_ACK,0,410,COMMAND_ACK,0,4,0,230,255
2025-12-14 21:54:52.664,COMMAND_ACK,0,410,COMMAND_ACK,0,4,0,230,255
2025-12-14 21:54:54.680,COMMAND_ACK,0,410,COMMAND_ACK,0,4,0,230,255
2025-12-14 21:54:56.661,COMMAND_ACK,0,410,COMMAND_ACK,0,4,0,230,255
2025-12-14 21:54:58.664,COMMAND_ACK,0,410,COMMAND_ACK,0,4,0,230,255
2025-12-14 21:55:00.669,COMMAND_ACK,0,410,COMMAND_ACK,0,4,0,230,255
2025-12-14 21:55:02.670,COMMAND_ACK,0,410,COMMAND_ACK,0,4,0,230,255
2025-12-14 21:55:04.670,COMMAND_ACK,0,410,COMMAND_ACK,0,4,0,230,255
2025-12-14 21:55:06.670,COMMAND_ACK,0,410,COMMAND_ACK,0,4,0,230,255
2025-12-14 21:55:08.680,COMMAND_ACK,0,410,COMMAND_ACK,0,4,0,230,255
2025-12-14 21:55:10.680,COMMAND_ACK,0,410,COMMAND_ACK,0,4,0,230,255
2025-12-14 21:55:12.683,COMMAND_ACK,0,410,COMMAND_ACK,0,4,0,230,255
2025-12-14 21:55:14.690,COMMAND_ACK,0,410,COMMAND_ACK,0,4,0,230,255
2025-12-14 21:55:16.701,COMMAND_ACK,0,410,COMMAND_ACK,0,4,0,230,255
2025-12-14 21:55:18.701,COMMAND_ACK,0,410,COMMAND_ACK,0,4,0,230,255
2025-12-14 21:55:20.701,COMMAND_ACK,0,410,COMMAND_ACK,0,4,0,230,255
2025-12-14 21:55:22.715,COMMAND_ACK,0,410,COMMAND_ACK,0,4,0,230,255
2025-12-14 21:55:24.718,COMMAND_ACK,0,410,COMMAND_ACK,0,4,0,230,255
2025-12-14 21:55:26.721,COMMAND_ACK,0,410,COMMAND_ACK,0,4,0,230,255
2025-12-14 21:55:28.721,COMMAND_ACK,0,410,COMMAND_ACK,0,4,0,230,255
2025-12-14 21:55:30.726,COMMAND_ACK,0,410,COMMAND_ACK,0,4,0,230,255
2025-12-14 21:55:32.726,COMMAND_ACK,0,410,COMMAND_ACK,0,4,0,230,255
2025-12-14 21:55:34.731,COMMAND_ACK,0,410,COMMAND_ACK,0,4,0,230,255
2025-12-14 21:55:36.742,COMMAND_ACK,0,410,COMMAND_ACK,0,4,0,230,255
2025-12-14 21:55:38.752,COMMAND_ACK,0,410,COMMAND_ACK,0,4,0,230,255
2025-12-14 21:55:40.761,COMMAND_ACK,0,410,COMMAND_ACK,0,4,0,230,255
2025-12-14 21:55:42.762,COMMAND_ACK,0,410,COMMAND_ACK,0,4,0,230,255
2025-12-14 21:55:44.764,COMMAND_ACK,0,410,COMMAND_ACK,0,4,0,230,255
2025-12-14 21:55:46.770,COMMAND_ACK,0,410,COMMAND_ACK,0,4,0,230,255
2025-12-14 21:55:48.769,COMMAND_ACK,0,410,COMMAND_ACK,0,4,0,230,255
2025-12-14 21:55:50.773,COMMAND_ACK,0,410,COMMAND_ACK,0,4,0,230,255
2025-12-14 21:55:52.785,COMMAND_ACK,0,410,COMMAND_ACK,0,4,0,230,255
2025-12-14 21:55:54.785,COMMAND_ACK,0,410,COMMAND_ACK,0,4,0,230,255
2025-12-14 21:55:56.792,COMMAND_ACK,0,410,COMMAND_ACK,0,4,0,230,255
2025-12-14 21:55:58.803,COMMAND_ACK,0,410,COMMAND_ACK,0,4,0,230,255
2025-12-14 21:56:00.803,COMMAND_ACK,0,410,COMMAND_ACK,0,4,0,230,255
2025-12-14 21:56:02.802,COMMAND_ACK,0,410,COMMAND_ACK,0,4,0,230,255
2025-12-14 21:56:04.802,COMMAND_ACK,0,410,COMMAND_ACK,0,4,0,230,255
2025-12-14 21:56:06.820,COMMAND_ACK,0,410,COMMAND_ACK,0,4,0,230,255
2025-12-14 21:56:08.821,COMMAND_ACK,0,410,COMMAND_ACK,0,4,0,230,255
2025-12-14 21:56:10.822,COMMAND_ACK,0,410,COMMAND_ACK,0,4,0,230,255
2025-12-14 21:56:12.822,COMMAND_ACK,0,410,COMMAND_ACK,0,4,0,230,255
2025-12-14 21:56:14.833,COMMAND_ACK,0,410,COMMAND_ACK,0,4,0,230,255
2025-12-14 21:56:16.843,COMMAND_ACK,0,410,COMMAND_ACK,0,4,0,230,255
2025-12-14 21:56:18.842,COMMAND_ACK,0,410,COMMAND_ACK,0,4,0,230,255
2025-12-14 21:56:20.853,COMMAND_ACK,0,410,COMMAND_ACK,0,4,0,230,255
2025-12-14 21:56:22.868,COMMAND_ACK,0,410,COMMAND_ACK,0,4,0,230,255
2025-12-14 21:56:24.871,COMMAND_ACK,0,410,COMMAND_ACK,0,4,0,230,255
2025-12-14 21:56:26.873,COMMAND_ACK,0,410,COMMAND_ACK,0,4,0,230,255
2025-12-14 21:56:28.883,COMMAND_ACK,0,410,COMMAND_ACK,0,4,0,230,255
2025-12-14 21:56:30.893,COMMAND_ACK,0,410,COMMAND_ACK,0,4,0,230,255
2025-12-14 21:56:32.903,COMMAND_ACK,0,410,COMMAND_ACK,0,4,0,230,255
2025-12-14 21:56:34.915,COMMAND_ACK,0,410,COMMAND_ACK,0,4,0,230,255
2025-12-14 21:56:36.920,COMMAND_ACK,0,410,COMMAND_ACK,0,4,0,230,255
2025-12-14 21:56:38.922,COMMAND_ACK,0,410,COMMAND_ACK,0,4,0,230,255
2025-12-14 21:56:40.928,COMMAND_ACK,0,410,COMMAND_ACK,0,4,0,230,255
2025-12-14 21:56:42.928,COMMAND_ACK,0,410,COMMAND_ACK,0,4,0,230,255
2025-12-14 21:56:44.934,COMMAND_ACK,0,410,COMMAND_ACK,0,4,0,230,255
2025-12-14 21:56:46.943,COMMAND_ACK,0,410,COMMAND_ACK,0,4,0,230,255
2025-12-14 21:56:48.943,COMMAND_ACK,0,410,COMMAND_ACK,0,4,0,230,255
2025-12-14 21:56:50.954,COMMAND_ACK,0,410,COMMAND_ACK,0,4,0,230,255
2025-12-14 21:56:52.968,COMMAND_ACK,0,410,COMMAND_ACK,0,4,0,230,255
2025-12-14 21:56:54.970,COMMAND_ACK,0,410,COMMAND_ACK,0,4,0,230,255
2025-12-14 21:56:56.973,COMMAND_ACK,0,410,COMMAND_ACK,0,4,0,230,255
2025-12-14 21:56:58.974,COMMAND_ACK,0,410,COMMAND_ACK,0,4,0,230,255
2025-12-14 21:57:00.974,COMMAND_ACK,0,410,COMMAND_ACK,0,4,0,230,255
2025-12-14 21:57:02.984,COMMAND_ACK,0,410,COMMAND_ACK,0,4,0,230,255
2025-12-14 21:57:04.987,COMMAND_ACK,0,410,COMMAND_ACK,0,4,0,230,255
2025-12-14 21:57:06.994,COMMAND_ACK,0,410,COMMAND_ACK,0,4,0,230,255
2025-12-14 21:57:09.005,COMMAND_ACK,0,410,COMMAND_ACK,0,4,0,230,255
2025-12-14 21:57:11.015,COMMAND_ACK,0,410,COMMAND_ACK,0,4,0,230,255
2025-12-14 21:57:13.015,COMMAND_ACK,0,410,COMMAND_ACK,0,4,0,230,255
2025-12-14 21:57:15.021,COMMAND_ACK,0,410,COMMAND_ACK,0,4,0,230,255
2025-12-14 21:57:17.022,COMMAND_ACK,0,410,COMMAND_ACK,0,4,0,230,255
2025-12-14 21:57:19.024,COMMAND_ACK,0,410,COMMAND_ACK,0,4,0,230,255
2025-12-14 21:57:21.035,COMMAND_ACK,0,410,COMMAND_ACK,0,4,0,230,255
2025-12-14 21:57:23.045,COMMAND_ACK,0,410,COMMAND_ACK,0,4,0,230,255
2025-12-14 21:57:25.044,COMMAND_ACK,0,410,COMMAND_ACK,0,4,0,230,255
2025-12-14 21:57:27.056,COMMAND_ACK,0,410,COMMAND_ACK,0,4,0,230,255
2025-12-14 21:57:29.071,COMMAND_ACK,0,410,COMMAND_ACK,0,4,0,230,255
2025-12-14 21:57:31.074,COMMAND_ACK,0,410,COMMAND_ACK,0,4,0,230,255
2025-12-14 21:57:33.073,COMMAND_ACK,0,410,COMMAND_ACK,0,4,0,230,255
2025-12-14 21:57:35.075,COMMAND_ACK,0,410,COMMAND_ACK,0,4,0,230,255
2025-12-14 21:57:37.078,COMMAND_ACK,0,410,COMMAND_ACK,0,4,0,230,255
2025-12-14 21:57:39.088,COMMAND_ACK,0,410,COMMAND_ACK,0,4,0,230,255
2025-12-14 21:57:41.096,COMMAND_ACK,0,410,COMMAND_ACK,0,4,0,230,255
2025-12-14 21:57:43.106,COMMAND_ACK,0,410,COMMAND_ACK,0,4,0,230,255
2025-12-14 21:57:45.124,COMMAND_ACK,0,410,COMMAND_ACK,0,4,0,230,255
2025-12-14 21:57:47.124,COMMAND_ACK,0,410,COMMAND_ACK,0,4,0,230,255
2025-12-14 21:57:49.126,COMMAND_ACK,0,410,COMMAND_ACK,0,4,0,230,255
2025-12-14 21:57:51.136,COMMAND_ACK,0,410,COMMAND_ACK,0,4,0,230,255
2025-12-14 21:57:53.146,COMMAND_ACK,0,410,COMMAND_ACK,0,4,0,230,255
2025-12-14 21:57:55.145,COMMAND_ACK,0,410,COMMAND_ACK,0,4,0,230,255
2025-12-14 21:57:57.157,COMMAND_ACK,0,410,COMMAND_ACK,0,4,0,230,255
2025-12-14 21:57:59.167,COMMAND_ACK,0,410,COMMAND_ACK,0,4,0,230,255
2025-12-14 21:58:01.172,COMMAND_ACK,0,410,COMMAND_ACK,0,4,0,230,255
2025-12-14 21:58:03.173,COMMAND_ACK,0,410,COMMAND_ACK,0,4,0,230,255
2025-12-14 21:58:05.174,COMMAND_ACK,0,410,COMMAND_ACK,0,4,0,230,255
2025-12-14 21:58:07.176,COMMAND_ACK,0,410,COMMAND_ACK,0,4,0,230,255
2025-12-14 21:58:09.178,COMMAND_ACK,0,410,COMMAND_ACK,0,4,0,230,255
2025-12-14 21:58:11.187,COMMAND_ACK,0,410,COMMAND_ACK,0,4,0,230,255
2025-12-14 21:58:13.197,COMMAND_ACK,0,410,COMMAND_ACK,0,4,0,230,255
2025-12-14 21:58:15.207,COMMAND_ACK,0,410,COMMAND_ACK,0,4,0,230,255
2025-12-14 21:58:17.207,COMMAND_ACK,0,410,COMMAND_ACK,0,4,0,230,255
2025-12-14 21:58:19.207,COMMAND_ACK,0,410,COMMAND_ACK,0,4,0,230,255
2025-12-14 21:58:21.223,COMMAND_ACK,0,410,COMMAND_ACK,0,4,0,230,255
2025-12-14 21:58:23.227,COMMAND_ACK,0,410,COMMAND_ACK,0,4,0,230,255
2025-12-14 21:58:25.228,COMMAND_ACK,0,410,COMMAND_ACK,0,4,0,230,255
2025-12-14 21:58:27.237,COMMAND_ACK,0,410,COMMAND_ACK,0,4,0,230,255
2025-12-14 21:58:29.247,COMMAND_ACK,0,410,COMMAND_ACK,0,4,0,230,255
2025-12-14 21:58:31.247,COMMAND_ACK,0,410,COMMAND_ACK,0,4,0,230,255
2025-12-14 21:58:33.258,COMMAND_ACK,0,410,COMMAND_ACK,0,4,0,230,255
2025-12-14 21:58:35.267,COMMAND_ACK,0,410,COMMAND_ACK,0,4,0,230,255
2025-12-14 21:58:37.268,COMMAND_ACK,0,410,COMMAND_ACK,0,4,0,230,255
2025-12-14 21:58:39.277,COMMAND_ACK,0,410,COMMAND_ACK,0,4,0,230,255
2025-12-14 21:58:41.278,COMMAND_ACK,0,410,COMMAND_ACK,0,4,0,230,255
2025-12-14 21:58:43.287,COMMAND_ACK,0,410,COMMAND_ACK,0,4,0,230,255
2025-12-14 21:58:45.287,COMMAND_ACK,0,410,COMMAND_ACK,0,4,0,230,255
2025-12-14 21:58:47.297,COMMAND_ACK,0,410,COMMAND_ACK,0,4,0,230,255
2025-12-14 21:58:49.308,COMMAND_ACK,0,410,COMMAND_ACK,0,4,0,230,255
2025-12-14 21:58:51.324,COMMAND_ACK,0,410,COMMAND_ACK,0,4,0,230,255
2025-12-14 21:58:53.325,COMMAND_ACK,0,410,COMMAND_ACK,0,4,0,230,255
2025-12-14 21:58:55.329,COMMAND_ACK,0,410,COMMAND_ACK,0,4,0,230,255
2025-12-14 21:58:57.338,COMMAND_ACK,0,410,COMMAND_ACK,0,4,0,230,255
2025-12-14 21:58:59.338,COMMAND_ACK,0,410,COMMAND_ACK,0,4,0,230,255
2025-12-14 21:59:01.349,COMMAND_ACK,0,410,COMMAND_ACK,0,4,0,230,255
2025-12-14 21:59:03.348,COMMAND_ACK,0,410,COMMAND_ACK,0,4,0,230,255
2025-12-14 21:59:05.359,COMMAND_ACK,0,410,COMMAND_ACK,0,4,0,230,255
2025-12-14 21:59:07.375,COMMAND_ACK,0,410,COMMAND_ACK,0,4,0,230,255
2025-12-14 21:59:09.375,COMMAND_ACK,0,410,COMMAND_ACK,0,4,0,230,255
2025-12-14 21:59:11.379,COMMAND_ACK,0,410,COMMAND_ACK,0,4,0,230,255
2025-12-14 21:59:13.378,COMMAND_ACK,0,410,COMMAND_ACK,0,4,0,230,255
2025-12-14 21:59:15.380,COMMAND_ACK,0,410,COMMAND_ACK,0,4,0,230,255
2025-12-14 21:59:17.392,COMMAND_ACK,0,410,COMMAND_ACK,0,4,0,230,255
2025-12-14 21:59:19.399,COMMAND_ACK,0,410,COMMAND_ACK,0,4,0,230,255
2025-12-14 21:59:21.409,COMMAND_ACK,0,410,COMMAND_ACK,0,4,0,230,255
2025-12-14 21:59:23.427,COMMAND_ACK,0,410,COMMAND_ACK,0,4,0,230,255
2025-12-14 21:59:25.420,COMMAND_ACK,0,410,COMMAND_ACK,0,4,0,230,255
2025-12-14 21:59:27.421,COMMAND_ACK,0,410,COMMAND_ACK,0,4,0,230,255
2025-12-14 21:59:29.424,COMMAND_ACK,0,410,COMMAND_ACK,0,4,0,230,255
2025-12-14 21:59:31.430,COMMAND_ACK,0,410,COMMAND_ACK,0,4,0,230,255
2025-12-14 21:59:33.432,COMMAND_ACK,0,410,COMMAND_ACK,0,4,0,230,255
2025-12-14 21:59:35.431,COMMAND_ACK,0,410,COMMAND_ACK,0,4,0,230,255
2025-12-14 21:59:37.434,COMMAND_ACK,0,410,COMMAND_ACK,0,4,0,230,255
2025-12-14 21:59:39.440,COMMAND_ACK,0,410,COMMAND_ACK,0,4,0,230,255
2025-12-14 21:59:41.450,COMMAND_ACK,0,410,COMMAND_ACK,0,4,0,230,255
2025-12-14 21:59:43.460,COMMAND_ACK,0,410,COMMAND_ACK,0,4,0,230,255
2025-12-14 21:59:45.475,COMMAND_ACK,0,410,COMMAND_ACK,0,4,0,230,255
2025-12-14 21:59:47.477,COMMAND_ACK,0,410,COMMAND_ACK,0,4,0,230,255
2025-12-14 21:59:49.477,COMMAND_ACK,0,410,COMMAND_ACK,0,4,0,230,255
2025-12-14 21:59:51.480,COMMAND_ACK,0,410,COMMAND_ACK,0,4,0,230,255
2025-12-14 21:59:53.480,COMMAND_ACK,0,410,COMMAND_ACK,0,4,0,230,255
2025-12-14 21:59:55.490,COMMAND_ACK,0,410,COMMAND_ACK,0,4,0,230,255
2025-12-14 21:59:57.490,COMMAND_ACK,0,410,COMMAND_ACK,0,4,0,230,255
2025-12-14 21:59:59.489,COMMAND_ACK,0,410,COMMAND_ACK,0,4,0,230,255
2025-12-14 22:00:01.490,COMMAND_ACK,0,410,COMMAND_ACK,0,4,0,230,255
2025-12-14 22:00:03.493,COMMAND_ACK,0,410,COMMAND_ACK,0,4,0,230,255
2025-12-14 22:00:05.493,COMMAND_ACK,0,410,COMMAND_ACK,0,4,0,230,255
2025-12-14 22:00:07.501,COMMAND_ACK,0,410,COMMAND_ACK,0,4,0,230,255
2025-12-14 22:00:09.511,COMMAND_ACK,0,410,COMMAND_ACK,0,4,0,230,255
2025-12-14 22:00:11.527,COMMAND_ACK,0,410,COMMAND_ACK,0,4,0,230,255
2025-12-14 22:00:13.528,COMMAND_ACK,0,410,COMMAND_ACK,0,4,0,230,255
2025-12-14 22:00:15.531,COMMAND_ACK,0,410,COMMAND_ACK,0,4,0,230,255
2025-12-14 22:00:17.531,COMMAND_ACK,0,410,COMMAND_ACK,0,4,0,230,255
2025-12-14 22:00:19.540,COMMAND_ACK,0,410,COMMAND_ACK,0,4,0,230,255
2025-12-14 22:00:21.550,COMMAND_ACK,0,410,COMMAND_ACK,0,4,0,230,255
2025-12-14 22:00:23.562,COMMAND_ACK,0,410,COMMAND_ACK,0,4,0,230,255
2025-12-14 22:00:25.571,COMMAND_ACK,0,410,COMMAND_ACK,0,4,0,230,255
2025-12-14 22:00:27.572,COMMAND_ACK,0,410,COMMAND_ACK,0,4,0,230,255
2025-12-14 22:00:29.576,COMMAND_ACK,0,410,COMMAND_ACK,0,4,0,230,255
2025-12-14 22:00:31.581,COMMAND_ACK,0,410,COMMAND_ACK,0,4,0,230,255
2025-12-14 22:00:33.581,COMMAND_ACK,0,410,COMMAND_ACK,0,4,0,230,255
2025-12-14 22:00:35.591,COMMAND_ACK,0,410,COMMAND_ACK,0,4,0,230,255
2025-12-14 22:00:37.602,COMMAND_ACK,0,410,COMMAND_ACK,0,4,0,230,255
2025-12-14 22:00:39.612,COMMAND_ACK,0,410,COMMAND_ACK,0,4,0,230,255
2025-12-14 22:00:41.612,COMMAND_ACK,0,410,COMMAND_ACK,0,4,0,230,255
2025-12-14 22:00:43.626,COMMAND_ACK,0,410,COMMAND_ACK,0,4,0,230,255
2025-12-14 22:00:45.629,COMMAND_ACK,0,410,COMMAND_ACK,0,4,0,230,255
2025-12-14 22:00:47.629,COMMAND_ACK,0,410,COMMAND_ACK,0,4,0,230,255
2025-12-14 22:00:49.632,COMMAND_ACK,0,410,COMMAND_ACK,0,4,0,230,255
2025-12-14 22:00:51.642,COMMAND_ACK,0,410,COMMAND_ACK,0,4,0,230,255
2025-12-14 22:00:53.652,COMMAND_ACK,0,410,COMMAND_ACK,0,4,0,230,255
2025-12-14 22:00:55.662,COMMAND_ACK,0,410,COMMAND_ACK,0,4,0,230,255
2025-12-14 22:00:57.678,COMMAND_ACK,0,410,COMMAND_ACK,0,4,0,230,255
2025-12-14 22:00:59.681,COMMAND_ACK,0,410,COMMAND_ACK,0,4,0,230,255
2025-12-14 22:01:01.682,COMMAND_ACK,0,410,COMMAND_ACK,0,4,0,230,255
2025-12-14 22:01:03.682,COMMAND_ACK,0,410,COMMAND_ACK,0,4,0,230,255
2025-12-14 22:01:05.682,COMMAND_ACK,0,410,COMMAND_ACK,0,4,0,230,255
2025-12-14 22:01:07.683,COMMAND_ACK,0,410,COMMAND_ACK,0,4,0,230,255
2025-12-14 22:01:09.693,COMMAND_ACK,0,410,COMMAND_ACK,0,4,0,230,255
2025-12-14 22:01:11.692,COMMAND_ACK,0,410,COMMAND_ACK,0,4,0,230,255
2025-12-14 22:01:13.696,COMMAND_ACK,0,410,COMMAND_ACK,0,4,0,230,255
2025-12-14 22:01:15.703,COMMAND_ACK,0,410,COMMAND_ACK,0,4,0,230,255
2025-12-14 22:01:17.713,COMMAND_ACK,0,410,COMMAND_ACK,0,4,0,230,255
2025-12-14 22:01:19.714,COMMAND_ACK,0,410,COMMAND_ACK,0,4,0,230,255
2025-12-14 22:01:21.731,COMMAND_ACK,0,410,COMMAND_ACK,0,4,0,230,255
2025-12-14 22:01:23.731,COMMAND_ACK,0,410,COMMAND_ACK,0,4,0,230,255
2025-12-14 22:01:25.733,COMMAND_ACK,0,410,COMMAND_ACK,0,4,0,230,255
2025-12-14 22:01:27.742,COMMAND_ACK,0,410,COMMAND_ACK,0,4,0,230,255
2025-12-14 22:01:29.753,COMMAND_ACK,0,410,COMMAND_ACK,0,4,0,230,255
2025-12-14 22:01:31.764,COMMAND_ACK,0,410,COMMAND_ACK,0,4,0,230,255
2025-12-14 22:01:33.778,COMMAND_ACK,0,410,COMMAND_ACK,0,4,0,230,255
2025-12-14 22:01:35.781,COMMAND_ACK,0,410,COMMAND_ACK,0,4,0,230,255
2025-12-14 22:01:37.775,COMMAND_ACK,0,410,COMMAND_ACK,0,4,0,230,255
2025-12-14 22:01:39.778,COMMAND_ACK,0,410,COMMAND_ACK,0,4,0,230,255
2025-12-14 22:01:41.786,COMMAND_ACK,0,410,COMMAND_ACK,0,4,0,230,255
2025-12-14 22:01:43.797,COMMAND_ACK,0,410,COMMAND_ACK,0,4,0,230,255
2025-12-14 22:01:45.804,COMMAND_ACK,0,410,COMMAND_ACK,0,4,0,230,255
2025-12-14 22:01:47.814,COMMAND_ACK,0,410,COMMAND_ACK,0,4,0,230,255
2025-12-14 22:01:49.832,COMMAND_ACK,0,410,COMMAND_ACK,0,4,0,230,255
2025-12-14 22:01:51.834,COMMAND_ACK,0,410,COMMAND_ACK,0,4,0,230,255
2025-12-14 22:01:53.844,COMMAND_ACK,0,410,COMMAND_ACK,0,4,0,230,255
2025-12-14 22:01:55.854,COMMAND_ACK,0,410,COMMAND_ACK,0,4,0,230,255
2025-12-14 22:01:57.853,COMMAND_ACK,0,410,COMMAND_ACK,0,4,0,230,255
2025-12-14 22:01:59.857,COMMAND_ACK,0,410,COMMAND_ACK,0,4,0,230,255
2025-12-14 22:02:01.864,COMMAND_ACK,0,410,COMMAND_ACK,0,4,0,230,255
2025-12-14 22:02:03.880,COMMAND_ACK,0,410,COMMAND_ACK,0,4,0,230,255
2025-12-14 22:02:05.881,COMMAND_ACK,0,410,COMMAND_ACK,0,4,0,230,255
2025-12-14 22:02:07.881,COMMAND_ACK,0,410,COMMAND_ACK,0,4,0,230,255
2025-12-14 22:02:09.883,COMMAND_ACK,0,410,COMMAND_ACK,0,4,0,230,255
2025-12-14 22:02:11.882,COMMAND_ACK,0,410,COMMAND_ACK,0,4,0,230,255
2025-12-14 22:02:13.885,COMMAND_ACK,0,410,COMMAND_ACK,0,4,0,230,255
2025-12-14 22:02:15.895,COMMAND_ACK,0,410,COMMAND_ACK,0,4,0,230,255
2025-12-14 22:02:17.894,COMMAND_ACK,0,410,COMMAND_ACK,0,4,0,230,255
2025-12-14 22:02:19.905,COMMAND_ACK,0,410,COMMAND_ACK,0,4,0,230,255
2025-12-14 22:02:21.915,COMMAND_ACK,0,410,COMMAND_ACK,0,4,0,230,255
2025-12-14 22:02:23.915,COMMAND_ACK,0,410,COMMAND_ACK,0,4,0,230,255
2025-12-14 22:02:25.924,COMMAND_ACK,0,410,COMMAND_ACK,0,4,0,230,255
2025-12-14 22:02:27.927,COMMAND_ACK,0,410,COMMAND_ACK,0,4,0,230,255
2025-12-14 22:02:29.933,COMMAND_ACK,0,410,COMMAND_ACK,0,4,0,230,255
2025-12-14 22:02:31.933,COMMAND_ACK,0,410,COMMAND_ACK,0,4,0,230,255
2025-12-14 22:02:33.933,COMMAND_ACK,0,410,COMMAND_ACK,0,4,0,230,255
2025-12-14 22:02:35.934,COMMAND_ACK,0,410,COMMAND_ACK,0,4,0,230,255
2025-12-14 22:02:37.941,COMMAND_ACK,0,410,COMMAND_ACK,0,4,0,230,255
2025-12-14 22:02:39.945,COMMAND_ACK,0,410,COMMAND_ACK,0,4,0,230,255
2025-12-14 22:02:41.956,COMMAND_ACK,0,410,COMMAND_ACK,0,4,0,230,255
2025-12-14 22:02:43.966,COMMAND_ACK,0,410,COMMAND_ACK,0,4,0,230,255
2025-12-14 22:02:45.983,COMMAND_ACK,0,410,COMMAND_ACK,0,4,0,230,255
2025-12-14 22:02:47.986,COMMAND_ACK,0,410,COMMAND_ACK,0,4,0,230,255
2025-12-14 22:02:49.986,COMMAND_ACK,0,410,COMMAND_ACK,0,4,0,230,255
2025-12-14 22:02:51.986,COMMAND_ACK,0,410,COMMAND_ACK,0,4,0,230,255
2025-12-14 22:02:53.988,COMMAND_ACK,0,410,COMMAND_ACK,0,4,0,230,255
2025-12-14 22:02:56.000,COMMAND_ACK,0,410,COMMAND_ACK,0,4,0,230,255
2025-12-14 22:02:58.006,COMMAND_ACK,0,410,COMMAND_ACK,0,4,0,230,255
2025-12-14 22:03:00.016,COMMAND_ACK,0,410,COMMAND_ACK,0,4,0,230,255
2025-12-14 22:03:02.016,COMMAND_ACK,0,410,COMMAND_ACK,0,4,0,230,255
2025-12-14 22:03:04.031,COMMAND_ACK,0,410,COMMAND_ACK,0,4,0,230,255
2025-12-14 22:03:06.035,COMMAND_ACK,0,410,COMMAND_ACK,0,4,0,230,255
2025-12-14 22:03:08.037,COMMAND_ACK,0,410,COMMAND_ACK,0,4,0,230,255
2025-12-14 22:03:10.046,COMMAND_ACK,0,410,COMMAND_ACK,0,4,0,230,255
2025-12-14 22:03:12.057,COMMAND_ACK,0,410,COMMAND_ACK,0,4,0,230,255
2025-12-14 22:03:14.067,COMMAND_ACK,0,410,COMMAND_ACK,0,4,0,230,255
2025-12-14 22:03:16.083,COMMAND_ACK,0,410,COMMAND_ACK,0,4,0,230,255
2025-12-14 22:03:18.083,COMMAND_ACK,0,410,COMMAND_ACK,0,4,0,230,255
2025-12-14 22:03:20.084,COMMAND_ACK,0,410,COMMAND_ACK,0,4,0,230,255
2025-12-14 22:03:22.087,COMMAND_ACK,0,410,COMMAND_ACK,0,4,0,230,255
2025-12-14 22:03:24.087,COMMAND_ACK,0,410,COMMAND_ACK,0,4,0,230,255
2025-12-14 22:03:26.097,COMMAND_ACK,0,410,COMMAND_ACK,0,4,0,230,255
2025-12-14 22:03:28.107,COMMAND_ACK,0,410,COMMAND_ACK,0,4,0,230,255
2025-12-14 22:03:30.118,COMMAND_ACK,0,410,COMMAND_ACK,0,4,0,230,255
2025-12-14 22:03:32.118,COMMAND_ACK,0,410,COMMAND_ACK,0,4,0,230,255
2025-12-14 22:03:34.118,COMMAND_ACK,0,410,COMMAND_ACK,0,4,0,230,255
2025-12-14 22:03:36.135,COMMAND_ACK,0,410,COMMAND_ACK,0,4,0,230,255
2025-12-14 22:03:38.130,COMMAND_ACK,0,410,COMMAND_ACK,0,4,0,230,255
2025-12-14 22:03:40.132,COMMAND_ACK,0,410,COMMAND_ACK,0,4,0,230,255
2025-12-14 22:03:42.133,COMMAND_ACK,0,410,COMMAND_ACK,0,4,0,230,255
2025-12-14 22:03:44.138,COMMAND_ACK,0,410,COMMAND_ACK,0,4,0,230,255
2025-12-14 22:03:46.138,COMMAND_ACK,0,410,COMMAND_ACK,0,4,0,230,255
2025-12-14 22:03:48.148,COMMAND_ACK,0,410,COMMAND_ACK,0,4,0,230,255
2025-12-14 22:03:50.158,COMMAND_ACK,0,410,COMMAND_ACK,0,4,0,230,255
2025-12-14 22:03:52.158,COMMAND_ACK,0,410,COMMAND_ACK,0,4,0,230,255
2025-12-14 22:03:54.169,COMMAND_ACK,0,410,COMMAND_ACK,0,4,0,230,255
2025-12-14 22:03:56.185,COMMAND_ACK,0,410,COMMAND_ACK,0,4,0,230,255
2025-12-14 22:03:58.186,COMMAND_ACK,0,410,COMMAND_ACK,0,4,0,230,255
2025-12-14 22:04:00.188,COMMAND_ACK,0,410,COMMAND_ACK,0,4,0,230,255
2025-12-14 22:04:02.191,COMMAND_ACK,0,410,COMMAND_ACK,0,4,0,230,255
2025-12-14 22:04:04.198,COMMAND_ACK,0,410,COMMAND_ACK,0,4,0,230,255
2025-12-14 22:04:06.208,COMMAND_ACK,0,410,COMMAND_ACK,0,4,0,230,255
2025-12-14 22:04:08.219,COMMAND_ACK,0,410,COMMAND_ACK,0,4,0,230,255
2025-12-14 22:04:10.229,COMMAND_ACK,0,410,COMMAND_ACK,0,4,0,230,255
2025-12-14 22:04:12.230,COMMAND_ACK,0,410,COMMAND_ACK,0,4,0,230,255
2025-12-14 22:04:14.234,COMMAND_ACK,0,410,COMMAND_ACK,0,4,0,230,255
2025-12-14 22:04:16.240,COMMAND_ACK,0,410,COMMAND_ACK,0,4,0,230,255
2025-12-14 22:04:18.239,COMMAND_ACK,0,410,COMMAND_ACK,0,4,0,230,255
2025-12-14 22:04:20.241,COMMAND_ACK,0,410,COMMAND_ACK,0,4,0,230,255
2025-12-14 22:04:22.249,COMMAND_ACK,0,410,COMMAND_ACK,0,4,0,230,255
2025-12-14 22:04:24.260,COMMAND_ACK,0,410,COMMAND_ACK,0,4,0,230,255
2025-12-14 22:04:26.270,COMMAND_ACK,0,410,COMMAND_ACK,0,4,0,230,255
2025-12-14 22:04:28.284,COMMAND_ACK,0,410,COMMAND_ACK,0,4,0,230,255
2025-12-14 22:04:30.287,COMMAND_ACK,0,410,COMMAND_ACK,0,4,0,230,255
2025-12-14 22:04:32.287,COMMAND_ACK,0,410,COMMAND_ACK,0,4,0,230,255
2025-12-14 22:04:34.290,COMMAND_ACK,0,410,COMMAND_ACK,0,4,0,230,255
2025-12-14 22:04:36.289,COMMAND_ACK,0,410,COMMAND_ACK,0,4,0,230,255
2025-12-14 22:04:38.290,COMMAND_ACK,0,410,COMMAND_ACK,0,4,0,230,255
2025-12-14 22:04:40.300,COMMAND_ACK,0,410,COMMAND_ACK,0,4,0,230,255
2025-12-14 22:04:42.310,COMMAND_ACK,0,410,COMMAND_ACK,0,4,0,230,255
2025-12-14 22:04:44.310,COMMAND_ACK,0,410,COMMAND_ACK,0,4,0,230,255
2025-12-14 22:04:46.321,COMMAND_ACK,0,410,COMMAND_ACK,0,4,0,230,255
2025-12-14 22:04:48.320,COMMAND_ACK,0,410,COMMAND_ACK,0,4,0,230,255
2025-12-14 22:04:50.336,COMMAND_ACK,0,410,COMMAND_ACK,0,4,0,230,255
2025-12-14 22:04:52.338,COMMAND_ACK,0,410,COMMAND_ACK,0,4,0,230,255
2025-12-14 22:04:54.341,COMMAND_ACK,0,410,COMMAND_ACK,0,4,0,230,255
2025-12-14 22:04:56.350,COMMAND_ACK,0,410,COMMAND_ACK,0,4,0,230,255
2025-12-14 22:04:58.360,COMMAND_ACK,0,410,COMMAND_ACK,0,4,0,230,255
2025-12-14 22:05:00.371,COMMAND_ACK,0,410,COMMAND_ACK,0,4,0,230,255
2025-12-14 22:05:02.386,COMMAND_ACK,0,410,COMMAND_ACK,0,4,0,230,255
2025-12-14 22:05:04.390,COMMAND_ACK,0,410,COMMAND_ACK,0,4,0,230,255
2025-12-14 22:05:06.389,COMMAND_ACK,0,410,COMMAND_ACK,0,4,0,230,255
2025-12-14 22:05:08.391,COMMAND_ACK,0,410,COMMAND_ACK,0,4,0,230,255
2025-12-14 22:05:10.391,COMMAND_ACK,0,410,COMMAND_ACK,0,4,0,230,255
2025-12-14 22:05:12.400,COMMAND_ACK,0,410,COMMAND_ACK,0,4,0,230,255
2025-12-14 22:05:14.403,COMMAND_ACK,0,410,COMMAND_ACK,0,4,0,230,255
2025-12-14 22:05:16.411,COMMAND_ACK,0,410,COMMAND_ACK,0,4,0,230,255
2025-12-14 22:05:18.421,COMMAND_ACK,0,410,COMMAND_ACK,0,4,0,230,255
2025-12-14 22:05:20.439,COMMAND_ACK,0,410,COMMAND_ACK,0,4,0,230,255
2025-12-14 22:05:22.439,COMMAND_ACK,0,410,COMMAND_ACK,0,4,0,230,255
2025-12-14 22:05:24.442,COMMAND_ACK,0,410,COMMAND_ACK,0,4,0,230,255
2025-12-14 22:05:26.442,COMMAND_ACK,0,410,COMMAND_ACK,0,4,0,230,255
2025-12-14 22:05:28.441,COMMAND_ACK,0,410,COMMAND_ACK,0,4,0,230,255
2025-12-14 22:05:30.452,COMMAND_ACK,0,410,COMMAND_ACK,0,4,0,230,255
2025-12-14 22:05:32.462,COMMAND_ACK,0,410,COMMAND_ACK,0,4,0,230,255
2025-12-14 22:05:34.472,COMMAND_ACK,0,410,COMMAND_ACK,0,4,0,230,255
2025-12-14 22:05:36.487,COMMAND_ACK,0,410,COMMAND_ACK,0,4,0,230,255
2025-12-14 22:05:38.489,COMMAND_ACK,0,410,COMMAND_ACK,0,4,0,230,255
2025-12-14 22:05:40.484,COMMAND_ACK,0,410,COMMAND_ACK,0,4,0,230,255
2025-12-14 22:05:42.484,COMMAND_ACK,0,410,COMMAND_ACK,0,4,0,230,255
2025-12-14 22:05:44.486,COMMAND_ACK,0,410,COMMAND_ACK,0,4,0,230,255
2025-12-14 22:05:46.492,COMMAND_ACK,0,410,COMMAND_ACK,0,4,0,230,255
2025-12-14 22:05:48.494,COMMAND_ACK,0,410,COMMAND_ACK,0,4,0,230,255
2025-12-14 22:05:50.504,COMMAND_ACK,0,410,COMMAND_ACK,0,4,0,230,255
2025-12-14 22:05:52.505,COMMAND_ACK,0,410,COMMAND_ACK,0,4,0,230,255
2025-12-14 22:05:54.512,COMMAND_ACK,0,410,COMMAND_ACK,0,4,0,230,255
2025-12-14 22:05:56.522,COMMAND_ACK,0,410,COMMAND_ACK,0,4,0,230,255
2025-12-14 22:05:58.538,COMMAND_ACK,0,410,COMMAND_ACK,0,4,0,230,255
2025-12-14 22:06:00.539,COMMAND_ACK,0,410,COMMAND_ACK,0,4,0,230,255
2025-12-14 22:06:02.540,COMMAND_ACK,0,410,COMMAND_ACK,0,4,0,230,255
2025-12-14 22:06:04.543,COMMAND_ACK,0,410,COMMAND_ACK,0,4,0,230,255
2025-12-14 22:06:06.543,COMMAND_ACK,0,410,COMMAND_ACK,0,4,0,230,255
2025-12-14 22:06:08.553,COMMAND_ACK,0,410,COMMAND_ACK,0,4,0,230,255
2025-12-14 22:06:10.563,COMMAND_ACK,0,410,COMMAND_ACK,0,4,0,230,255
2025-12-14 22:06:12.574,COMMAND_ACK,0,410,COMMAND_ACK,0,4,0,230,255
2025-12-14 22:06:14.589,COMMAND_ACK,0,410,COMMAND_ACK,0,4,0,230,255
2025-12-14 22:06:16.590,COMMAND_ACK,0,410,COMMAND_ACK,0,4,0,230,255
2025-12-14 22:06:18.593,COMMAND_ACK,0,410,COMMAND_ACK,0,4,0,230,255
2025-12-14 22:06:20.594,COMMAND_ACK,0,410,COMMAND_ACK,0,4,0,230,255
2025-12-14 22:06:22.596,COMMAND_ACK,0,410,COMMAND_ACK,0,4,0,230,255
2025-12-14 22:06:24.603,COMMAND_ACK,0,410,COMMAND_ACK,0,4,0,230,255
2025-12-14 22:06:26.606,COMMAND_ACK,0,410,COMMAND_ACK,0,4,0,230,255
2025-12-14 22:06:28.614,COMMAND_ACK,0,410,COMMAND_ACK,0,4,0,230,255
2025-12-14 22:06:30.624,COMMAND_ACK,0,410,COMMAND_ACK,0,4,0,230,255
2025-12-14 22:06:32.624,COMMAND_ACK,0,410,COMMAND_ACK,0,4,0,230,255
2025-12-14 22:06:34.639,COMMAND_ACK,0,410,COMMAND_ACK,0,4,0,230,255
2025-12-14 22:06:36.642,COMMAND_ACK,0,410,COMMAND_ACK,0,4,0,230,255
2025-12-14 22:06:38.644,COMMAND_ACK,0,410,COMMAND_ACK,0,4,0,230,255
2025-12-14 22:06:40.644,COMMAND_ACK,0,410,COMMAND_ACK,0,4,0,230,255
2025-12-14 22:06:42.649,COMMAND_ACK,0,410,COMMAND_ACK,0,4,0,230,255
2025-12-14 22:06:44.652,COMMAND_ACK,0,410,COMMAND_ACK,0,4,0,230,255
2025-12-14 22:06:46.664,COMMAND_ACK,0,410,COMMAND_ACK,0,4,0,230,255
2025-12-14 22:06:48.675,COMMAND_ACK,0,410,COMMAND_ACK,0,4,0,230,255
2025-12-14 22:06:50.690,COMMAND_ACK,0,410,COMMAND_ACK,0,4,0,230,255
2025-12-14 22:06:52.692,COMMAND_ACK,0,410,COMMAND_ACK,0,4,0,230,255
2025-12-14 22:06:54.702,COMMAND_ACK,0,410,COMMAND_ACK,0,4,0,230,255
2025-12-14 22:06:56.704,COMMAND_ACK,0,410,COMMAND_ACK,0,4,0,230,255
2025-12-14 22:06:58.715,COMMAND_ACK,0,410,COMMAND_ACK,0,4,0,230,255
2025-12-14 22:07:00.725,COMMAND_ACK,0,410,COMMAND_ACK,0,4,0,230,255
2025-12-14 22:07:02.741,COMMAND_ACK,0,410,COMMAND_ACK,0,4,0,230,255
2025-12-14 22:07:04.742,COMMAND_ACK,0,410,COMMAND_ACK,0,4,0,230,255
2025-12-14 22:07:06.743,COMMAND_ACK,0,410,COMMAND_ACK,0,4,0,230,255
2025-12-14 22:07:08.742,COMMAND_ACK,0,410,COMMAND_ACK,0,4,0,230,255
2025-12-14 22:07:10.745,COMMAND_ACK,0,410,COMMAND_ACK,0,4,0,230,255
2025-12-14 22:07:12.755,COMMAND_ACK,0,410,COMMAND_ACK,0,4,0,230,255
2025-12-14 22:07:14.765,COMMAND_ACK,0,410,COMMAND_ACK,0,4,0,230,255
2025-12-14 22:07:16.765,COMMAND_ACK,0,410,COMMAND_ACK,0,4,0,230,255
2025-12-14 22:07:18.776,COMMAND_ACK,0,410,COMMAND_ACK,0,4,0,230,255
2025-12-14 22:07:20.791,COMMAND_ACK,0,410,COMMAND_ACK,0,4,0,230,255
2025-12-14 22:07:22.795,COMMAND_ACK,0,410,COMMAND_ACK,0,4,0,230,255
2025-12-14 22:07:24.795,COMMAND_ACK,0,410,COMMAND_ACK,0,4,0,230,255
2025-12-14 22:07:26.809,COMMAND_ACK,0,410,COMMAND_ACK,0,4,0,230,255
2025-12-14 22:07:28.816,COMMAND_ACK,0,410,COMMAND_ACK,0,4,0,230,255
2025-12-14 22:07:30.826,COMMAND_ACK,0,410,COMMAND_ACK,0,4,0,230,255
2025-12-14 22:07:32.840,COMMAND_ACK,0,410,COMMAND_ACK,0,4,0,230,255
2025-12-14 22:07:34.842,COMMAND_ACK,0,410,COMMAND_ACK,0,4,0,230,255
2025-12-14 22:07:36.843,COMMAND_ACK,0,410,COMMAND_ACK,0,4,0,230,255
2025-12-14 22:07:38.844,COMMAND_ACK,0,410,COMMAND_ACK,0,4,0,230,255
2025-12-14 22:07:40.847,COMMAND_ACK,0,410,COMMAND_ACK,0,4,0,230,255
2025-12-14 22:07:42.852,COMMAND_ACK,0,410,COMMAND_ACK,0,4,0,230,255
2025-12-14 22:07:44.856,COMMAND_ACK,0,410,COMMAND_ACK,0,4,0,230,255
2025-12-14 22:07:46.866,COMMAND_ACK,0,410,COMMAND_ACK,0,4,0,230,255
2025-12-14 22:07:48.867,COMMAND_ACK,0,410,COMMAND_ACK,0,4,0,230,255
2025-12-14 22:07:50.877,COMMAND_ACK,0,410,COMMAND_ACK,0,4,0,230,255
2025-12-14 22:07:52.891,COMMAND_ACK,0,410,COMMAND_ACK,0,4,0,230,255
2025-12-14 22:07:54.893,COMMAND_ACK,0,410,COMMAND_ACK,0,4,0,230,255
2025-12-14 22:07:56.894,COMMAND_ACK,0,410,COMMAND_ACK,0,4,0,230,255
2025-12-14 22:07:58.897,COMMAND_ACK,0,410,COMMAND_ACK,0,4,0,230,255
2025-12-14 22:08:00.896,COMMAND_ACK,0,410,COMMAND_ACK,0,4,0,230,255
2025-12-14 22:08:02.899,COMMAND_ACK,0,410,COMMAND_ACK,0,4,0,230,255
2025-12-14 22:08:04.910,COMMAND_ACK,0,410,COMMAND_ACK,0,4,0,230,255
2025-12-14 22:08:06.917,COMMAND_ACK,0,410,COMMAND_ACK,0,4,0,230,255
2025-12-14 22:08:08.927,COMMAND_ACK,0,410,COMMAND_ACK,0,4,0,230,255
2025-12-14 22:08:10.944,COMMAND_ACK,0,410,COMMAND_ACK,0,4,0,230,255
2025-12-14 22:08:12.945,COMMAND_ACK,0,410,COMMAND_ACK,0,4,0,230,255
2025-12-14 22:08:14.947,COMMAND_ACK,0,410,COMMAND_ACK,0,4,0,230,255
2025-12-14 22:08:16.957,COMMAND_ACK,0,410,COMMAND_ACK,0,4,0,230,255
2025-12-14 22:08:18.957,COMMAND_ACK,0,410,COMMAND_ACK,0,4,0,230,255
2025-12-14 22:08:20.967,COMMAND_ACK,0,410,COMMAND_ACK,0,4,0,230,255
2025-12-14 22:08:22.967,COMMAND_ACK,0,410,COMMAND_ACK,0,4,0,230,255
2025-12-14 22:08:24.978,COMMAND_ACK,0,410,COMMAND_ACK,0,4,0,230,255
2025-12-14 22:08:26.987,COMMAND_ACK,0,410,COMMAND_ACK,0,4,0,230,255
2025-12-14 22:08:28.989,COMMAND_ACK,0,410,COMMAND_ACK,0,4,0,230,255
2025-12-14 22:08:30.997,COMMAND_ACK,0,410,COMMAND_ACK,0,4,0,230,255
2025-12-14 22:08:32.998,COMMAND_ACK,0,410,COMMAND_ACK,0,4,0,230,255
2025-12-14 22:08:35.000,COMMAND_ACK,0,410,COMMAND_ACK,0,4,0,230,255
2025-12-14 22:08:37.011,COMMAND_ACK,0,410,COMMAND_ACK,0,4,0,230,255
2025-12-14 22:08:39.019,COMMAND_ACK,0,410,COMMAND_ACK,0,4,0,230,255
2025-12-14 22:08:41.029,COMMAND_ACK,0,410,COMMAND_ACK,0,4,0,230,255
2025-12-14 22:08:43.029,COMMAND_ACK,0,410,COMMAND_ACK,0,4,0,230,255
2025-12-14 22:08:45.039,COMMAND_ACK,0,410,COMMAND_ACK,0,4,0,230,255
2025-12-14 22:08:47.038,COMMAND_ACK,0,410,COMMAND_ACK,0,4,0,230,255
2025-12-14 22:08:49.045,COMMAND_ACK,0,410,COMMAND_ACK,0,4,0,230,255
2025-12-14 22:08:51.045,COMMAND_ACK,0,410,COMMAND_ACK,0,4,0,230,255
2025-12-14 22:08:53.047,COMMAND_ACK,0,410,COMMAND_ACK,0,4,0,230,255
2025-12-14 22:08:55.047,COMMAND_ACK,0,410,COMMAND_ACK,0,4,0,230,255
2025-12-14 22:08:57.049,COMMAND_ACK,0,410,COMMAND_ACK,0,4,0,230,255
2025-12-14 22:08:59.049,COMMAND_ACK,0,410,COMMAND_ACK,0,4,0,230,255
2025-12-14 22:09:01.059,COMMAND_ACK,0,410,COMMAND_ACK,0,4,0,230,255
2025-12-14 22:09:03.069,COMMAND_ACK,0,410,COMMAND_ACK,0,4,0,230,255
2025-12-14 22:09:05.069,COMMAND_ACK,0,410,COMMAND_ACK,0,4,0,230,255
2025-12-14 22:09:07.080,COMMAND_ACK,0,410,COMMAND_ACK,0,4,0,230,255
2025-12-14 22:09:09.095,COMMAND_ACK,0,410,COMMAND_ACK,0,4,0,230,255
2025-12-14 22:09:11.089,COMMAND_ACK,0,410,COMMAND_ACK,0,4,0,230,255
2025-12-14 22:09:13.090,COMMAND_ACK,0,410,COMMAND_ACK,0,4,0,230,255
2025-12-14 22:09:15.098,COMMAND_ACK,0,410,COMMAND_ACK,0,4,0,230,255
2025-12-14 22:09:17.099,COMMAND_ACK,0,410,COMMAND_ACK,0,4,0,230,255
2025-12-14 22:09:19.099,COMMAND_ACK,0,410,COMMAND_ACK,0,4,0,230,255
2025-12-14 22:09:21.101,COMMAND_ACK,0,410,COMMAND_ACK,0,4,0,230,255
2025-12-14 22:09:23.113,COMMAND_ACK,0,410,COMMAND_ACK,0,4,0,230,255
2025-12-14 22:09:25.120,COMMAND_ACK,0,410,COMMAND_ACK,0,4,0,230,255
2025-12-14 22:09:27.130,COMMAND_ACK,0,410,COMMAND_ACK,0,4,0,230,255
2025-12-14 22:09:29.140,COMMAND_ACK,0,410,COMMAND_ACK,0,4,0,230,255
2025-12-14 22:09:31.147,COMMAND_ACK,0,410,COMMAND_ACK,0,4,0,230,255
2025-12-14 22:09:33.148,COMMAND_ACK,0,410,COMMAND_ACK,0,4,0,230,255
2025-12-14 22:09:35.150,COMMAND_ACK,0,410,COMMAND_ACK,0,4,0,230,255
2025-12-14 22:09:37.150,COMMAND_ACK,0,410,COMMAND_ACK,0,4,0,230,255
2025-12-14 22:09:39.160,COMMAND_ACK,0,410,COMMAND_ACK,0,4,0,230,255
2025-12-14 22:09:41.170,COMMAND_ACK,0,410,COMMAND_ACK,0,4,0,230,255
2025-12-14 22:09:43.180,COMMAND_ACK,0,410,COMMAND_ACK,0,4,0,230,255
2025-12-14 22:09:45.190,COMMAND_ACK,0,410,COMMAND_ACK,0,4,0,230,255
2025-12-14 22:09:47.192,COMMAND_ACK,0,410,COMMAND_ACK,0,4,0,230,255
2025-12-14 22:09:49.191,COMMAND_ACK,0,410,COMMAND_ACK,0,4,0,230,255
2025-12-14 22:09:51.200,COMMAND_ACK,0,410,COMMAND_ACK,0,4,0,230,255
2025-12-14 22:09:53.201,COMMAND_ACK,0,410,COMMAND_ACK,0,4,0,230,255
2025-12-14 22:09:55.210,COMMAND_ACK,0,410,COMMAND_ACK,0,4,0,230,255
2025-12-14 22:09:57.220,COMMAND_ACK,0,410,COMMAND_ACK,0,4,0,230,255
2025-12-14 22:09:59.230,COMMAND_ACK,0,410,COMMAND_ACK,0,4,0,230,255
2025-12-14 22:10:01.231,COMMAND_ACK,0,410,COMMAND_ACK,0,4,0,230,255
2025-12-14 22:10:03.231,COMMAND_ACK,0,410,COMMAND_ACK,0,4,0,230,255
2025-12-14 22:10:05.248,COMMAND_ACK,0,410,COMMAND_ACK,0,4,0,230,255
2025-12-14 22:10:07.248,COMMAND_ACK,0,410,COMMAND_ACK,0,4,0,230,255
2025-12-14 22:10:09.248,COMMAND_ACK,0,410,COMMAND_ACK,0,4,0,230,255
2025-12-14 22:10:11.243,COMMAND_ACK,0,410,COMMAND_ACK,0,4,0,230,255
2025-12-14 22:10:13.246,COMMAND_ACK,0,410,COMMAND_ACK,0,4,0,230,255
2025-12-14 22:10:15.249,COMMAND_ACK,0,410,COMMAND_ACK,0,4,0,230,255
2025-12-14 22:10:17.252,COMMAND_ACK,0,410,COMMAND_ACK,0,4,0,230,255
2025-12-14 22:10:19.251,COMMAND_ACK,0,410,COMMAND_ACK,0,4,0,230,255
2025-12-14 22:10:21.262,COMMAND_ACK,0,410,COMMAND_ACK,0,4,0,230,255
2025-12-14 22:10:23.272,COMMAND_ACK,0,410,COMMAND_ACK,0,4,0,230,255
2025-12-14 22:10:25.271,COMMAND_ACK,0,410,COMMAND_ACK,0,4,0,230,255
2025-12-14 22:10:27.282,COMMAND_ACK,0,410,COMMAND_ACK,0,4,0,230,255
2025-12-14 22:10:29.297,COMMAND_ACK,0,410,COMMAND_ACK,0,4,0,230,255
2025-12-14 22:10:31.297,COMMAND_ACK,0,410,COMMAND_ACK,0,4,0,230,255
2025-12-14 22:10:33.300,COMMAND_ACK,0,410,COMMAND_ACK,0,4,0,230,255
2025-12-14 22:10:35.302,COMMAND_ACK,0,410,COMMAND_ACK,0,4,0,230,255
2025-12-14 22:10:37.305,COMMAND_ACK,0,410,COMMAND_ACK,0,4,0,230,255
2025-12-14 22:10:39.315,COMMAND_ACK,0,410,COMMAND_ACK,0,4,0,230,255
2025-12-14 22:10:41.322,COMMAND_ACK,0,410,COMMAND_ACK,0,4,0,230,255
2025-12-14 22:10:43.333,COMMAND_ACK,0,410,COMMAND_ACK,0,4,0,230,255
2025-12-14 22:10:45.333,COMMAND_ACK,0,410,COMMAND_ACK,0,4,0,230,255
2025-12-14 22:10:47.342,COMMAND_ACK,0,410,COMMAND_ACK,0,4,0,230,255
2025-12-14 22:10:49.343,COMMAND_ACK,0,410,COMMAND_ACK,0,4,0,230,255
2025-12-14 22:10:51.350,COMMAND_ACK,0,410,COMMAND_ACK,0,4,0,230,255
2025-12-14 22:10:53.351,COMMAND_ACK,0,410,COMMAND_ACK,0,4,0,230,255
2025-12-14 22:10:55.353,COMMAND_ACK,0,410,COMMAND_ACK,0,4,0,230,255
2025-12-14 22:10:57.362,COMMAND_ACK,0,410,COMMAND_ACK,0,4,0,230,255
2025-12-14 22:10:59.373,COMMAND_ACK,0,410,COMMAND_ACK,0,4,0,230,255
2025-12-14 22:11:01.383,COMMAND_ACK,0,410,COMMAND_ACK,0,4,0,230,255
2025-12-14 22:11:03.399,COMMAND_ACK,0,410,COMMAND_ACK,0,4,0,230,255
2025-12-14 22:11:05.400,COMMAND_ACK,0,410,COMMAND_ACK,0,4,0,230,255
2025-12-14 22:11:07.403,COMMAND_ACK,0,410,COMMAND_ACK,0,4,0,230,255
2025-12-14 22:11:09.403,COMMAND_ACK,0,410,COMMAND_ACK,0,4,0,230,255
2025-12-14 22:11:11.416,COMMAND_ACK,0,410,COMMAND_ACK,0,4,0,230,255
2025-12-14 22:11:13.424,COMMAND_ACK,0,410,COMMAND_ACK,0,4,0,230,255
2025-12-14 22:11:15.434,COMMAND_ACK,0,410,COMMAND_ACK,0,4,0,230,255
2025-12-14 22:11:17.450,COMMAND_ACK,0,410,COMMAND_ACK,0,4,0,230,255
2025-12-14 22:11:19.451,COMMAND_ACK,0,410,COMMAND_ACK,0,4,0,230,255
2025-12-14 22:11:21.452,COMMAND_ACK,0,410,COMMAND_ACK,0,4,0,230,255
2025-12-14 22:11:23.454,COMMAND_ACK,0,410,COMMAND_ACK,0,4,0,230,255
2025-12-14 22:11:25.454,COMMAND_ACK,0,410,COMMAND_ACK,0,4,0,230,255
2025-12-14 22:11:27.454,COMMAND_ACK,0,410,COMMAND_ACK,0,4,0,230,255
2025-12-14 22:11:29.464,COMMAND_ACK,0,410,COMMAND_ACK,0,4,0,230,255
2025-12-14 22:11:31.474,COMMAND_ACK,0,410,COMMAND_ACK,0,4,0,230,255
2025-12-14 22:11:33.485,COMMAND_ACK,0,410,COMMAND_ACK,0,4,0,230,255
2025-12-14 22:11:35.500,COMMAND_ACK,0,410,COMMAND_ACK,0,4,0,230,255
2025-12-14 22:11:37.501,COMMAND_ACK,0,410,COMMAND_ACK,0,4,0,230,255
2025-12-14 22:11:39.504,COMMAND_ACK,0,410,COMMAND_ACK,0,4,0,230,255
2025-12-14 22:11:41.505,COMMAND_ACK,0,410,COMMAND_ACK,0,4,0,230,255
2025-12-14 22:11:43.514,COMMAND_ACK,0,410,COMMAND_ACK,0,4,0,230,255
2025-12-14 22:11:45.524,COMMAND_ACK,0,410,COMMAND_ACK,0,4,0,230,255
2025-12-14 22:11:47.534,COMMAND_ACK,0,410,COMMAND_ACK,0,4,0,230,255
2025-12-14 22:11:49.545,COMMAND_ACK,0,410,COMMAND_ACK,0,4,0,230,255
2025-12-14 22:11:51.546,COMMAND_ACK,0,410,COMMAND_ACK,0,4,0,230,255
2025-12-14 22:11:53.555,COMMAND_ACK,0,410,COMMAND_ACK,0,4,0,230,255
2025-12-14 22:11:55.560,COMMAND_ACK,0,410,COMMAND_ACK,0,4,0,230,255
2025-12-14 22:11:57.565,COMMAND_ACK,0,410,COMMAND_ACK,0,4,0,230,255
2025-12-14 22:11:59.565,COMMAND_ACK,0,410,COMMAND_ACK,0,4,0,230,255
2025-12-14 22:12:01.575,COMMAND_ACK,0,410,COMMAND_ACK,0,4,0,230,255
2025-12-14 22:12:03.586,COMMAND_ACK,0,410,COMMAND_ACK,0,4,0,230,255
2025-12-14 22:12:05.600,COMMAND_ACK,0,410,COMMAND_ACK,0,4,0,230,255
2025-12-14 22:12:07.602,COMMAND_ACK,0,410,COMMAND_ACK,0,4,0,230,255
2025-12-14 22:12:09.602,COMMAND_ACK,0,410,COMMAND_ACK,0,4,0,230,255
2025-12-14 22:12:11.606,COMMAND_ACK,0,410,COMMAND_ACK,0,4,0,230,255
2025-12-14 22:12:13.605,COMMAND_ACK,0,410,COMMAND_ACK,0,4,0,230,255
2025-12-14 22:12:15.615,COMMAND_ACK,0,410,COMMAND_ACK,0,4,0,230,255
2025-12-14 22:12:17.626,COMMAND_ACK,0,410,COMMAND_ACK,0,4,0,230,255
2025-12-14 22:12:19.636,COMMAND_ACK,0,410,COMMAND_ACK,0,4,0,230,255
2025-12-14 22:12:21.653,COMMAND_ACK,0,410,COMMAND_ACK,0,4,0,230,255
2025-12-14 22:12:23.656,COMMAND_ACK,0,410,COMMAND_ACK,0,4,0,230,255
2025-12-14 22:12:25.656,COMMAND_ACK,0,410,COMMAND_ACK,0,4,0,230,255
2025-12-14 22:12:27.666,COMMAND_ACK,0,410,COMMAND_ACK,0,4,0,230,255
2025-12-14 22:12:29.676,COMMAND_ACK,0,410,COMMAND_ACK,0,4,0,230,255
2025-12-14 22:12:31.675,COMMAND_ACK,0,410,COMMAND_ACK,0,4,0,230,255
2025-12-14 22:12:33.687,COMMAND_ACK,0,410,COMMAND_ACK,0,4,0,230,255
2025-12-14 22:12:35.699,COMMAND_ACK,0,410,COMMAND_ACK,0,4,0,230,255
2025-12-14 22:12:37.703,COMMAND_ACK,0,410,COMMAND_ACK,0,4,0,230,255
2025-12-14 22:12:39.717,COMMAND_ACK,0,410,COMMAND_ACK,0,4,0,230,255
2025-12-14 22:12:41.704,COMMAND_ACK,0,410,COMMAND_ACK,0,4,0,230,255
2025-12-14 22:12:43.706,COMMAND_ACK,0,410,COMMAND_ACK,0,4,0,230,255
2025-12-14 22:12:45.708,COMMAND_ACK,0,410,COMMAND_ACK,0,4,0,230,255
2025-12-14 22:12:47.717,COMMAND_ACK,0,410,COMMAND_ACK,0,4,0,230,255
2025-12-14 22:12:49.724,COMMAND_ACK,0,410,COMMAND_ACK,0,4,0,230,255
2025-12-14 22:12:51.737,COMMAND_ACK,0,410,COMMAND_ACK,0,4,0,230,255
2025-12-14 22:12:53.738,COMMAND_ACK,0,410,COMMAND_ACK,0,4,0,230,255
2025-12-14 22:12:55.754,COMMAND_ACK,0,410,COMMAND_ACK,0,4,0,230,255
2025-12-14 22:12:57.755,COMMAND_ACK,0,410,COMMAND_ACK,0,4,0,230,255
2025-12-14 22:12:59.754,COMMAND_ACK,0,410,COMMAND_ACK,0,4,0,230,255
2025-12-14 22:13:01.758,COMMAND_ACK,0,410,COMMAND_ACK,0,4,0,230,255
2025-12-14 22:13:03.767,COMMAND_ACK,0,410,COMMAND_ACK,0,4,0,230,255
2025-12-14 22:13:05.777,COMMAND_ACK,0,410,COMMAND_ACK,0,4,0,230,255
2025-12-14 22:13:07.788,COMMAND_ACK,0,410,COMMAND_ACK,0,4,0,230,255
2025-12-14 22:13:09.802,COMMAND_ACK,0,410,COMMAND_ACK,0,4,0,230,255
2025-12-14 22:13:11.804,COMMAND_ACK,0,410,COMMAND_ACK,0,4,0,230,255
2025-12-14 22:13:13.804,COMMAND_ACK,0,410,COMMAND_ACK,0,4,0,230,255
2025-12-14 22:13:15.805,COMMAND_ACK,0,410,COMMAND_ACK,0,4,0,230,255
2025-12-14 22:13:17.806,COMMAND_ACK,0,410,COMMAND_ACK,0,4,0,230,255
2025-12-14 22:13:19.806,COMMAND_ACK,0,410,COMMAND_ACK,0,4,0,230,255
2025-12-14 22:13:21.807,COMMAND_ACK,0,410,COMMAND_ACK,0,4,0,230,255
2025-12-14 22:13:23.818,COMMAND_ACK,0,410,COMMAND_ACK,0,4,0,230,255
2025-12-14 22:13:25.828,COMMAND_ACK,0,410,COMMAND_ACK,0,4,0,230,255
2025-12-14 22:13:27.838,COMMAND_ACK,0,410,COMMAND_ACK,0,4,0,230,255
2025-12-14 22:13:29.855,COMMAND_ACK,0,410,COMMAND_ACK,0,4,0,230,255
2025-12-14 22:13:31.859,COMMAND_ACK,0,410,COMMAND_ACK,0,4,0,230,255
2025-12-14 22:13:33.858,COMMAND_ACK,0,410,COMMAND_ACK,0,4,0,230,255
2025-12-14 22:13:35.868,COMMAND_ACK,0,410,COMMAND_ACK,0,4,0,230,255
2025-12-14 22:13:37.868,COMMAND_ACK,0,410,COMMAND_ACK,0,4,0,230,255
2025-12-14 22:13:39.879,COMMAND_ACK,0,410,COMMAND_ACK,0,4,0,230,255
2025-12-14 22:13:41.889,COMMAND_ACK,0,410,COMMAND_ACK,0,4,0,230,255
2025-12-14 22:13:43.904,COMMAND_ACK,0,410,COMMAND_ACK,0,4,0,230,255
2025-12-14 22:13:45.905,COMMAND_ACK,0,410,COMMAND_ACK,0,4,0,230,255
2025-12-14 22:13:47.906,COMMAND_ACK,0,410,COMMAND_ACK,0,4,0,230,255
2025-12-14 22:13:49.909,COMMAND_ACK,0,410,COMMAND_ACK,0,4,0,230,255
2025-12-14 22:13:51.918,COMMAND_ACK,0,410,COMMAND_ACK,0,4,0,230,255
2025-12-14 22:13:53.924,COMMAND_ACK,0,410,COMMAND_ACK,0,4,0,230,255
2025-12-14 22:13:55.929,COMMAND_ACK,0,410,COMMAND_ACK,0,4,0,230,255
2025-12-14 22:13:57.939,COMMAND_ACK,0,410,COMMAND_ACK,0,4,0,230,255
2025-12-14 22:13:59.940,COMMAND_ACK,0,410,COMMAND_ACK,0,4,0,230,255
2025-12-14 22:14:01.957,COMMAND_ACK,0,410,COMMAND_ACK,0,4,0,230,255
2025-12-14 22:14:03.957,COMMAND_ACK,0,410,COMMAND_ACK,0,4,0,230,255
2025-12-14 22:14:05.959,COMMAND_ACK,0,410,COMMAND_ACK,0,4,0,230,255
2025-12-14 22:14:07.969,COMMAND_ACK,0,410,COMMAND_ACK,0,4,0,230,255
2025-12-14 22:14:09.979,COMMAND_ACK,0,410,COMMAND_ACK,0,4,0,230,255
2025-12-14 22:14:11.979,COMMAND_ACK,0,410,COMMAND_ACK,0,4,0,230,255
2025-12-14 22:14:13.989,COMMAND_ACK,0,410,COMMAND_ACK,0,4,0,230,255
2025-12-14 22:14:15.990,COMMAND_ACK,0,410,COMMAND_ACK,0,4,0,230,255
2025-12-14 22:14:17.990,COMMAND_ACK,0,410,COMMAND_ACK,0,4,0,230,255
2025-12-14 22:14:20.006,COMMAND_ACK,0,410,COMMAND_ACK,0,4,0,230,255
2025-12-14 22:14:22.007,COMMAND_ACK,0,410,COMMAND_ACK,0,4,0,230,255
2025-12-14 22:14:24.007,COMMAND_ACK,0,410,COMMAND_ACK,0,4,0,230,255
2025-12-14 22:14:26.008,COMMAND_ACK,0,410,COMMAND_ACK,0,4,0,230,255
2025-12-14 22:14:28.009,COMMAND_ACK,0,410,COMMAND_ACK,0,4,0,230,255
